promotion_id,order_id,promo_code,discount_amount
900013,506919,BUNDLE20,108.02
901796,528913,LOYALTY10,188.92
902045,514073,REFERRAL5,34.33
901497,526967,REFERRAL5,58.22
901740,528618,VIP30,40.56
901267,522095,WELCOME15,108.41
902372,521274,WELCOME15,54.14
900116,508194,WELCOME15,175.44
902626,508718,LOYALTY10,101.15
902429,522613,REFERRAL5,106.42
901535,517472,SPRING10,105.51
901958,509119,WELCOME15,148.49
900904,527408,FLASH25,16.28
901912,518898,SPRING10,88.28
901438,503710,LOYALTY10,45.88
901350,521835,REFERRAL5,10.51
901139,519198,LOYALTY10,75.18
902733,510730,VIP30,108.41
900414,521549,LOYALTY10,81.53
902504,500647,VIP30,121.05
901564,511688,VIP30,77.83
901001,504803,BUNDLE20,18.59
900939,504619,SPRING10,61.73
902261,520698,FLASH25,12.27
901694,509200,REFERRAL5,128.16
900195,524757,REFERRAL5,64.74
901073,519342,REFERRAL5,84.28
900705,504343,BUNDLE20,189.73
902096,521360,BUNDLE20,81.27
900976,511443,REFERRAL5,195.29
902244,524324,VIP30,79.5
902233,521762,BUNDLE20,32.03
900770,524396,LOYALTY10,123.63
901703,520348,FLASH25,23.2
900518,503361,VIP30,191.01
901221,503557,LOYALTY10,40.12
901291,515129,FLASH25,36.24
900069,518263,SPRING10,193.87
902132,522928,WELCOME15,135.6
900619,519660,FLASH25,68.06
901729,507743,REFERRAL5,108.39
901357,514366,BUNDLE20,95.53
901436,512210,FLASH25,84.34
900134,521175,SPRING10,186.73
900664,510405,BUNDLE20,176.31
900826,509937,WELCOME15,61.73
901347,514453,REFERRAL5,92.58
900220,528200,BUNDLE20,134.78
902050,522622,REFERRAL5,93.54
902090,506369,REFERRAL5,29.75
902760,520202,REFERRAL5,90.15
900834,519134,SPRING10,21.97
902273,528472,REFERRAL5,131.03
901712,516348,VIP30,190.53
901678,510107,LOYALTY10,42.25
900172,512238,VIP30,56.71
902031,519333,FLASH25,110.55
900478,522565,BUNDLE20,30.72
901858,526572,WELCOME15,179.41
900604,525552,SPRING10,130.1
900614,502550,SPRING10,56.45
901893,523665,REFERRAL5,118.25
901834,511637,LOYALTY10,13.84
902359,502955,VIP30,53.58
900395,521773,WELCOME15,45.12
901050,510952,SPRING10,180.64
902487,508873,FLASH25,86.07
900183,502548,SPRING10,126.25
901184,502874,REFERRAL5,29.99
902234,521762,LOYALTY10,119.76
902306,525679,WELCOME15,23.68
902480,501948,WELCOME15,84.08
901737,509902,VIP30,155.13
902717,507084,VIP30,131.55
901151,517648,SPRING10,116.94
902061,515116,FLASH25,109.8
901142,519199,BUNDLE20,46.63
901349,504611,WELCOME15,85.64
900992,525522,WELCOME15,26.64
900612,505721,FLASH25,167.75
900233,520688,FLASH25,157.54
901538,517255,VIP30,195.39
900318,505432,LOYALTY10,141.88
900147,501660,FLASH25,139.09
900348,526114,WELCOME15,128.48
901158,501023,BUNDLE20,82.89
900602,526510,SPRING10,38.67
900354,520570,BUNDLE20,198.13
901543,502780,LOYALTY10,66.99
901185,516468,REFERRAL5,66.85
901976,529976,BUNDLE20,182.9
902301,518613,LOYALTY10,98.76
902561,504335,SPRING10,103.48
901835,501705,VIP30,86.56
900443,521333,FLASH25,77.55
902262,520698,SPRING10,35.94
900481,525768,SPRING10,67.02
901487,507105,VIP30,130.54
900231,520795,REFERRAL5,91.61
900669,505340,LOYALTY10,161.03
901779,526678,VIP30,175.0
902751,526740,LOYALTY10,13.89
901614,509773,VIP30,31.73
900171,500334,LOYALTY10,182.66
901442,505152,BUNDLE20,12.96
900507,519472,SPRING10,49.38
901887,528277,BUNDLE20,90.76
902586,528590,SPRING10,25.4
900690,509517,BUNDLE20,147.99
900954,501963,REFERRAL5,149.09
901987,522151,REFERRAL5,10.28
901648,509325,BUNDLE20,116.04
900522,512979,WELCOME15,62.46
900872,507715,WELCOME15,79.23
902812,510969,BUNDLE20,116.87
902647,516722,BUNDLE20,86.83
900379,513686,VIP30,138.39
901558,520681,WELCOME15,193.61
902764,501489,REFERRAL5,28.94
902593,508557,WELCOME15,145.25
900721,517204,FLASH25,87.41
902773,501187,BUNDLE20,109.33
901294,519507,VIP30,38.89
902526,504750,REFERRAL5,80.45
902114,500807,REFERRAL5,131.62
902714,524439,REFERRAL5,42.81
900560,501743,FLASH25,106.23
902709,524959,SPRING10,140.11
900282,507643,BUNDLE20,87.86
900164,529196,BUNDLE20,114.67
901261,501411,LOYALTY10,163.67
900785,505399,VIP30,171.24
901401,503320,REFERRAL5,83.11
901681,512442,WELCOME15,131.86
902212,523518,SPRING10,143.58
900438,501563,WELCOME15,171.46
900623,515082,FLASH25,152.18
902150,515989,FLASH25,86.03
902055,509064,FLASH25,38.81
900361,513662,BUNDLE20,127.61
901804,528989,FLASH25,151.41
900465,528950,REFERRAL5,172.38
901166,508571,BUNDLE20,144.89
901988,525321,REFERRAL5,52.94
901749,502382,VIP30,80.11
901661,512698,FLASH25,100.14
900654,523707,BUNDLE20,161.06
901263,507309,BUNDLE20,21.95
900790,509310,BUNDLE20,123.85
902374,509222,FLASH25,109.92
902349,521045,VIP30,49.06
902676,525283,VIP30,119.52
901107,522996,LOYALTY10,114.31
900520,529571,REFERRAL5,120.16
902208,522577,BUNDLE20,126.88
900909,504300,WELCOME15,31.94
900730,525251,SPRING10,116.67
901755,500022,VIP30,199.29
901065,513718,BUNDLE20,84.88
900682,518038,FLASH25,109.9
900187,525516,VIP30,158.47
902204,502848,VIP30,74.2
900433,513203,FLASH25,80.04
900396,511568,LOYALTY10,120.25
901131,513222,FLASH25,191.02
900232,519148,BUNDLE20,12.36
901066,506521,SPRING10,155.71
900611,509280,VIP30,127.51
901736,516791,WELCOME15,104.27
901191,501584,SPRING10,28.69
900048,516563,LOYALTY10,169.89
900279,504953,SPRING10,173.51
900782,528099,FLASH25,189.11
902562,504335,FLASH25,122.21
902172,524109,VIP30,44.55
901168,528104,LOYALTY10,187.7
900570,527671,WELCOME15,151.1
900464,502222,FLASH25,58.62
900870,524895,REFERRAL5,133.76
900228,528911,BUNDLE20,178.42
900179,514191,WELCOME15,130.76
900453,513037,LOYALTY10,151.74
901359,522258,WELCOME15,32.07
902323,509885,SPRING10,106.84
901403,522026,BUNDLE20,119.43
900963,518062,WELCOME15,126.27
901815,520065,LOYALTY10,101.11
901758,517151,LOYALTY10,116.64
902214,515142,WELCOME15,81.21
901435,515508,FLASH25,44.41
900178,527741,VIP30,44.2
900184,518888,WELCOME15,149.86
901421,510136,REFERRAL5,102.62
900867,524430,BUNDLE20,105.23
901311,511138,WELCOME15,111.78
901037,508322,SPRING10,192.93
902299,502322,VIP30,146.37
901457,501976,WELCOME15,76.5
902599,506861,REFERRAL5,55.69
902498,506832,VIP30,37.64
900853,526993,VIP30,138.84
902636,512180,BUNDLE20,21.44
901325,522572,BUNDLE20,71.49
902492,507151,LOYALTY10,30.36
901860,506974,BUNDLE20,103.58
902041,521598,WELCOME15,137.85
902452,511359,SPRING10,102.13
900860,524902,LOYALTY10,148.6
901233,509539,FLASH25,125.09
900933,502830,WELCOME15,87.32
901298,524654,LOYALTY10,25.76
901187,514224,REFERRAL5,118.94
901999,513198,BUNDLE20,47.23
901423,502965,BUNDLE20,54.42
902021,500827,SPRING10,76.25
900203,518825,VIP30,115.17
902235,514185,FLASH25,114.79
900033,500397,BUNDLE20,39.39
900607,523226,FLASH25,78.91
902488,508873,REFERRAL5,12.75
900753,500793,FLASH25,167.31
900474,529253,LOYALTY10,51.59
900346,506133,SPRING10,177.11
900109,528028,REFERRAL5,109.8
901303,527780,VIP30,83.94
900192,513920,SPRING10,57.36
900681,502855,WELCOME15,60.56
900055,508964,FLASH25,12.91
900652,501817,FLASH25,22.11
902617,526108,REFERRAL5,96.31
902019,502806,REFERRAL5,173.32
902387,517686,SPRING10,54.3
902246,518001,FLASH25,70.52
900864,518890,VIP30,169.29
902568,519477,VIP30,131.63
900174,521904,SPRING10,150.01
900660,516617,FLASH25,51.95
900496,505593,SPRING10,103.4
900221,504116,LOYALTY10,129.31
902610,529176,WELCOME15,45.07
900267,529191,BUNDLE20,114.8
901992,500937,LOYALTY10,61.46
901068,503278,FLASH25,58.05
900087,525050,LOYALTY10,74.87
901642,529833,BUNDLE20,116.39
901962,525402,VIP30,65.84
901171,512460,REFERRAL5,129.58
902366,507610,BUNDLE20,97.78
900884,524946,VIP30,186.44
902522,529884,BUNDLE20,81.54
900875,503596,REFERRAL5,157.98
901072,522796,FLASH25,118.38
902060,514056,LOYALTY10,15.86
900151,514455,LOYALTY10,101.55
902467,515853,LOYALTY10,70.51
902542,501635,FLASH25,74.13
902810,506076,REFERRAL5,92.96
900143,529576,VIP30,14.18
902228,518537,WELCOME15,130.38
900247,506781,LOYALTY10,196.48
900040,511383,FLASH25,62.78
901277,519437,VIP30,190.06
900547,527422,SPRING10,150.69
900907,504062,REFERRAL5,88.14
900471,518648,WELCOME15,119.04
901982,529118,WELCOME15,159.6
901196,527430,SPRING10,80.82
900984,503154,FLASH25,130.39
902493,502891,REFERRAL5,31.85
901674,520560,WELCOME15,94.46
901077,528285,VIP30,116.43
901699,500557,LOYALTY10,22.71
900188,529447,FLASH25,15.81
901461,521710,SPRING10,98.78
901135,503261,WELCOME15,192.63
900431,501932,VIP30,52.02
901607,523824,FLASH25,27.93
901098,514497,BUNDLE20,127.73
902580,507017,FLASH25,130.53
902098,501457,BUNDLE20,84.32
901213,520532,SPRING10,192.19
901129,527243,REFERRAL5,24.54
900413,517451,LOYALTY10,106.5
901150,521879,REFERRAL5,118.36
901411,520988,VIP30,95.48
902124,500254,FLASH25,40.27
902513,502400,SPRING10,136.57
902302,518613,VIP30,73.95
902470,521771,WELCOME15,87.36
902728,524459,REFERRAL5,77.9
900856,511226,WELCOME15,49.38
900066,501290,LOYALTY10,198.04
902257,513373,BUNDLE20,77.24
900841,509931,LOYALTY10,92.06
901272,514872,VIP30,154.2
901689,519125,REFERRAL5,112.46
901820,506118,LOYALTY10,103.63
900857,500770,SPRING10,40.99
900003,514203,WELCOME15,128.61
901806,502917,REFERRAL5,155.98
901677,506570,FLASH25,10.36
901902,512163,BUNDLE20,159.98
900817,517121,LOYALTY10,37.1
901336,514353,VIP30,141.4
902574,501749,BUNDLE20,43.89
901913,526489,VIP30,108.71
900627,515234,VIP30,169.21
900824,508363,REFERRAL5,29.52
901428,513460,WELCOME15,156.68
901009,509821,BUNDLE20,78.13
902330,502751,REFERRAL5,107.42
902288,505034,VIP30,85.4
902469,521771,VIP30,62.86
901342,500769,BUNDLE20,122.85
902193,511933,FLASH25,90.97
901841,514018,LOYALTY10,142.74
902282,514150,LOYALTY10,102.64
900227,504834,REFERRAL5,148.83
901708,503137,LOYALTY10,130.05
901562,527323,REFERRAL5,89.73
901991,503330,WELCOME15,82.45
900688,517699,REFERRAL5,190.61
900825,521509,SPRING10,109.8
900600,528430,LOYALTY10,30.29
901725,506881,BUNDLE20,54.35
902067,516410,SPRING10,136.48
901116,519130,LOYALTY10,85.97
900293,502209,LOYALTY10,86.91
900792,503603,REFERRAL5,125.24
902543,527572,SPRING10,52.19
900484,529831,FLASH25,184.36
900270,502635,FLASH25,195.23
902782,523976,VIP30,42.1
902137,502828,LOYALTY10,15.92
902737,528636,WELCOME15,12.72
901757,510164,FLASH25,62.68
901084,518202,SPRING10,37.71
900676,528646,SPRING10,185.78
901687,518952,FLASH25,110.13
902115,501118,BUNDLE20,69.09
900016,524970,VIP30,87.98
901255,521385,BUNDLE20,43.36
902685,527318,LOYALTY10,149.83
901456,522624,SPRING10,129.84
902327,515248,LOYALTY10,109.79
901356,526827,LOYALTY10,54.72
902648,516722,VIP30,30.5
901395,502431,BUNDLE20,29.99
902239,504082,BUNDLE20,128.98
902790,526116,SPRING10,96.75
901612,517018,WELCOME15,91.2
901767,504026,SPRING10,180.42
900150,525890,WELCOME15,148.05
901760,506896,VIP30,170.9
902269,521273,REFERRAL5,85.24
901900,527452,VIP30,65.95
902653,512336,BUNDLE20,77.43
902333,517962,FLASH25,126.83
902355,522130,REFERRAL5,34.72
900249,502728,LOYALTY10,108.08
902530,530006,VIP30,83.94
901093,519628,LOYALTY10,102.43
900670,515323,SPRING10,30.44
902482,523839,VIP30,59.85
901975,517928,WELCOME15,136.41
901091,507754,BUNDLE20,33.89
902404,507509,BUNDLE20,106.12
901905,510780,VIP30,183.05
900027,529312,SPRING10,111.91
901751,520992,SPRING10,49.5
902159,502716,SPRING10,102.08
900005,515793,BUNDLE20,110.76
902547,507820,WELCOME15,49.27
901164,502300,BUNDLE20,178.38
900653,526125,WELCOME15,20.01
901218,515987,FLASH25,174.93
901599,511357,BUNDLE20,83.03
902680,500563,SPRING10,45.88
900177,513307,SPRING10,13.91
901935,507215,VIP30,189.22
900685,518692,LOYALTY10,153.18
901418,523908,SPRING10,54.39
900948,508168,REFERRAL5,94.97
900946,517239,LOYALTY10,99.84
900296,522037,VIP30,49.17
902201,507122,VIP30,120.42
901443,512206,FLASH25,109.09
900590,501409,WELCOME15,141.3
901965,512645,FLASH25,55.64
902405,521838,FLASH25,90.81
900839,522285,LOYALTY10,58.53
900427,521875,BUNDLE20,41.02
902281,514150,VIP30,50.01
900425,523090,SPRING10,163.12
900330,503971,REFERRAL5,46.55
900696,524914,REFERRAL5,138.5
901355,516041,REFERRAL5,141.65
900797,524168,WELCOME15,88.05
900467,508668,BUNDLE20,158.05
900276,523579,FLASH25,196.57
900558,523097,BUNDLE20,80.54
901197,520598,REFERRAL5,97.19
901004,529921,VIP30,129.24
902767,519572,REFERRAL5,91.3
901192,500560,BUNDLE20,179.23
900315,512025,VIP30,157.38
901444,514661,LOYALTY10,178.77
900838,527856,BUNDLE20,80.34
901923,517806,WELCOME15,166.58
901174,509009,FLASH25,170.2
900034,524927,SPRING10,172.24
901424,521940,BUNDLE20,192.36
901216,501136,REFERRAL5,48.91
901671,500506,BUNDLE20,47.55
901447,503314,SPRING10,108.33
900630,528755,FLASH25,115.24
902696,507590,FLASH25,40.29
900768,503988,BUNDLE20,161.68
900444,501184,WELCOME15,37.92
900650,510003,REFERRAL5,147.95
900798,516727,WELCOME15,48.58
901313,503218,SPRING10,127.24
901047,506238,BUNDLE20,177.96
901520,510373,REFERRAL5,173.26
902341,518865,WELCOME15,102.67
900411,511408,SPRING10,41.94
901204,515322,LOYALTY10,136.64
900028,529374,SPRING10,23.06
900550,504807,SPRING10,21.15
900807,500073,FLASH25,145.14
901412,516867,WELCOME15,43.04
902778,512574,VIP30,38.32
900127,512420,LOYALTY10,151.84
901003,517845,VIP30,132.53
902436,501524,SPRING10,89.25
902094,510870,FLASH25,66.21
901816,504537,FLASH25,52.83
901179,506017,WELCOME15,76.18
900300,502962,BUNDLE20,178.12
901867,517045,REFERRAL5,95.65
902754,521508,LOYALTY10,128.02
902371,521274,REFERRAL5,119.41
901445,504520,SPRING10,38.09
900449,518946,LOYALTY10,176.23
900796,505407,LOYALTY10,117.58
901330,517977,BUNDLE20,124.63
901096,514039,REFERRAL5,27.32
902099,522122,REFERRAL5,29.52
901966,510928,BUNDLE20,116.19
902521,529884,FLASH25,139.2
902221,522474,REFERRAL5,68.22
901518,529736,VIP30,24.54
900347,530027,LOYALTY10,121.59
902788,504902,REFERRAL5,51.74
901938,524156,WELCOME15,72.23
901105,510105,BUNDLE20,83.31
900608,510783,BUNDLE20,111.69
900294,510609,FLASH25,178.44
900142,526850,LOYALTY10,27.73
902742,523605,FLASH25,59.84
901908,509468,FLASH25,181.93
900981,518739,LOYALTY10,31.41
900208,524715,FLASH25,47.51
902277,507394,FLASH25,34.17
901297,507912,FLASH25,141.83
902776,527031,WELCOME15,123.51
901998,520825,LOYALTY10,88.34
902577,504125,VIP30,123.45
902378,504333,FLASH25,95.41
900945,525585,BUNDLE20,175.35
901075,515027,FLASH25,164.15
902748,526264,FLASH25,74.28
902248,527932,WELCOME15,35.56
901606,523987,LOYALTY10,139.79
902628,502536,VIP30,31.53
902757,505149,VIP30,111.68
902384,504812,WELCOME15,58.7
901627,516643,FLASH25,99.05
900386,506906,REFERRAL5,109.32
902112,513226,WELCOME15,146.09
902477,507717,REFERRAL5,56.02
901696,504699,BUNDLE20,106.6
901148,526831,FLASH25,111.68
901034,505242,WELCOME15,97.12
902386,518074,WELCOME15,68.96
900488,503147,FLASH25,74.52
902454,500479,WELCOME15,63.1
902579,507017,BUNDLE20,28.1
901394,504046,SPRING10,154.99
901602,510390,SPRING10,166.2
900638,501481,SPRING10,83.39
900442,515460,LOYALTY10,67.63
900053,513886,FLASH25,78.58
902238,521699,REFERRAL5,130.96
902029,517360,LOYALTY10,142.21
900698,508551,LOYALTY10,65.52
901915,508248,BUNDLE20,142.74
902192,520842,BUNDLE20,19.0
901407,502802,BUNDLE20,38.76
902256,524208,BUNDLE20,24.21
901275,529192,WELCOME15,36.64
902692,519498,BUNDLE20,58.73
901466,500820,SPRING10,117.81
901633,501669,BUNDLE20,111.15
901932,515382,VIP30,122.92
902294,511203,BUNDLE20,40.45
900489,527591,BUNDLE20,69.25
902265,511289,BUNDLE20,56.62
902292,521303,LOYALTY10,109.21
900936,516871,SPRING10,110.6
900895,504401,WELCOME15,181.08
900326,502159,REFERRAL5,148.23
902247,527932,BUNDLE20,28.46
900763,507720,VIP30,123.06
902800,518502,REFERRAL5,113.73
900717,516875,LOYALTY10,143.76
900429,513994,WELCOME15,150.62
900259,504721,SPRING10,66.52
901366,527117,FLASH25,139.13
901517,517137,VIP30,94.5
902109,521716,FLASH25,131.61
902677,512255,FLASH25,92.88
900574,529904,REFERRAL5,141.08
902738,528636,FLASH25,136.43
901524,524778,LOYALTY10,17.13
900243,511074,FLASH25,167.37
900735,512041,REFERRAL5,174.98
901742,508103,WELCOME15,126.4
902635,512180,VIP30,45.17
902176,500125,WELCOME15,74.61
900998,515336,SPRING10,43.31
901002,525020,BUNDLE20,155.54
900756,503705,WELCOME15,57.59
902496,524684,LOYALTY10,74.22
902335,515602,WELCOME15,22.88
901622,504385,VIP30,22.2
900088,510759,SPRING10,168.97
901773,501626,REFERRAL5,10.18
900587,501449,FLASH25,187.29
901273,500839,SPRING10,26.03
901500,511512,WELCOME15,55.58
902142,500902,REFERRAL5,99.34
902444,517083,REFERRAL5,94.16
901278,521573,LOYALTY10,86.88
902037,522441,SPRING10,77.74
901488,501859,WELCOME15,185.64
901647,516461,VIP30,129.08
900622,503415,VIP30,41.92
900198,525898,BUNDLE20,122.87
901237,523905,LOYALTY10,181.18
902119,518161,BUNDLE20,57.53
902410,500072,FLASH25,85.6
900549,501690,BUNDLE20,127.19
902793,506976,REFERRAL5,49.1
900125,523088,VIP30,172.94
900402,524551,REFERRAL5,16.58
902367,515190,SPRING10,54.73
901621,500681,WELCOME15,154.11
901629,518969,REFERRAL5,116.84
901980,505229,LOYALTY10,85.73
900504,523646,SPRING10,93.7
900473,501178,SPRING10,146.7
902334,517962,BUNDLE20,106.41
900079,524893,REFERRAL5,160.5
902552,510290,SPRING10,80.53
900072,504882,REFERRAL5,45.81
901581,526907,BUNDLE20,110.8
901539,512952,VIP30,86.8
902687,501403,SPRING10,54.26
902710,524959,LOYALTY10,87.76
902804,521703,SPRING10,46.05
900209,512623,WELCOME15,130.97
902252,526530,REFERRAL5,140.54
900073,513096,LOYALTY10,84.34
901941,507672,BUNDLE20,146.5
901321,521721,FLASH25,193.8
901432,508275,SPRING10,156.01
902590,526886,VIP30,146.56
900499,519726,LOYALTY10,62.79
900564,519612,FLASH25,21.27
900445,510337,FLASH25,134.91
901074,509578,BUNDLE20,74.21
900281,512353,FLASH25,71.41
900343,505402,SPRING10,130.91
901950,506047,WELCOME15,126.82
901270,513997,WELCOME15,190.99
902641,506996,SPRING10,87.45
902307,516793,BUNDLE20,25.72
902170,508682,FLASH25,109.41
901592,505007,LOYALTY10,133.46
902296,523079,BUNDLE20,147.83
901392,506702,SPRING10,166.39
902155,503765,BUNDLE20,71.88
902805,526649,VIP30,17.13
900820,506108,BUNDLE20,23.68
902015,515904,VIP30,193.16
901153,523506,WELCOME15,28.3
901099,529600,VIP30,169.11
902205,501011,FLASH25,46.54
900136,525488,REFERRAL5,174.42
900235,502474,FLASH25,19.91
900846,524180,REFERRAL5,150.85
901482,502685,BUNDLE20,43.41
901679,500150,SPRING10,13.86
902663,511068,SPRING10,97.25
900595,510302,WELCOME15,121.78
900887,514198,WELCOME15,142.94
900759,511810,LOYALTY10,94.63
901382,514467,VIP30,100.23
902056,509064,LOYALTY10,43.88
900974,510845,WELCOME15,189.38
900140,508173,WELCOME15,75.77
902120,518161,LOYALTY10,139.59
901025,506467,FLASH25,128.88
902135,515001,WELCOME15,132.17
900879,526541,WELCOME15,23.12
900400,519811,REFERRAL5,68.2
902052,508258,SPRING10,64.37
902678,512255,WELCOME15,22.94
901533,500715,SPRING10,33.94
901644,521906,REFERRAL5,38.36
901236,510628,WELCOME15,144.14
902809,506076,LOYALTY10,17.78
902730,515819,VIP30,114.84
901058,518397,FLASH25,70.8
902656,520340,LOYALTY10,130.12
900157,513911,BUNDLE20,75.03
901886,500819,FLASH25,160.3
901748,510493,REFERRAL5,117.17
901241,520869,LOYALTY10,132.82
902485,500478,VIP30,111.43
900007,500088,REFERRAL5,158.02
901769,516979,LOYALTY10,107.18
901956,506046,SPRING10,22.91
902103,516241,VIP30,79.86
900908,518255,FLASH25,92.9
900990,528090,SPRING10,155.81
901686,526345,BUNDLE20,143.58
902775,527031,REFERRAL5,133.0
901214,510975,REFERRAL5,35.34
901076,506647,VIP30,124.68
902514,502400,FLASH25,60.18
902519,513834,REFERRAL5,49.1
902017,512556,REFERRAL5,35.4
901240,504412,REFERRAL5,12.89
902151,523081,WELCOME15,136.81
900534,506846,WELCOME15,106.41
902086,505023,BUNDLE20,60.69
900011,522579,WELCOME15,167.3
902750,509748,SPRING10,102.76
900545,520199,SPRING10,182.48
900890,509911,VIP30,14.74
902024,512535,BUNDLE20,60.4
902612,517645,BUNDLE20,65.2
902735,506348,BUNDLE20,101.87
902258,513373,LOYALTY10,13.83
902260,507164,SPRING10,80.13
900138,523113,BUNDLE20,79.81
901888,506202,VIP30,19.65
901459,521014,REFERRAL5,37.37
900920,528557,REFERRAL5,164.99
902749,509748,WELCOME15,77.7
902777,512574,SPRING10,39.63
900663,522877,SPRING10,143.96
902319,519287,SPRING10,89.26
900510,522653,WELCOME15,143.48
902721,515458,SPRING10,31.92
902286,529413,WELCOME15,101.32
901617,530020,SPRING10,145.5
902184,506668,BUNDLE20,145.2
900565,526446,REFERRAL5,73.1
901898,529835,REFERRAL5,72.49
900371,517498,BUNDLE20,51.79
902332,509186,WELCOME15,84.05
901813,524182,REFERRAL5,56.61
901247,515315,WELCOME15,39.88
901439,500589,BUNDLE20,62.51
900815,515576,WELCOME15,179.31
901215,525510,LOYALTY10,173.83
900888,528969,REFERRAL5,56.92
901894,504147,BUNDLE20,114.04
902500,504778,LOYALTY10,78.16
900166,525568,VIP30,112.25
901754,528069,BUNDLE20,157.74
901329,525207,REFERRAL5,105.75
902398,519581,REFERRAL5,117.51
900588,526756,VIP30,36.53
900479,527687,REFERRAL5,36.5
901416,506284,VIP30,90.9
902134,510454,REFERRAL5,69.19
902698,516303,FLASH25,74.34
902572,521815,SPRING10,146.38
901823,511771,WELCOME15,39.62
900848,529495,WELCOME15,76.72
900357,529298,VIP30,159.64
900773,517429,FLASH25,114.1
900218,500940,REFERRAL5,130.28
900349,509448,FLASH25,29.44
900812,516835,REFERRAL5,21.24
902450,501779,BUNDLE20,127.97
901847,504417,SPRING10,55.94
901701,502781,WELCOME15,112.72
902666,517406,REFERRAL5,85.69
902632,514358,WELCOME15,29.48
901718,502908,FLASH25,96.73
902761,518276,SPRING10,101.81
901508,525065,VIP30,195.41
902403,507509,WELCOME15,65.25
900493,513754,WELCOME15,132.36
901317,502601,SPRING10,98.05
901128,513806,FLASH25,94.67
900280,500741,REFERRAL5,16.21
901624,528079,FLASH25,92.01
901909,517187,VIP30,191.86
902026,500196,VIP30,69.08
900327,502811,REFERRAL5,30.65
901637,503825,BUNDLE20,84.24
901334,525258,REFERRAL5,80.25
901970,522058,VIP30,79.5
900569,519334,SPRING10,146.1
902437,503389,VIP30,30.06
901509,511084,FLASH25,168.66
901110,514035,LOYALTY10,73.01
901534,508819,VIP30,61.33
900118,527212,SPRING10,42.55
900339,501179,REFERRAL5,165.32
900165,510742,LOYALTY10,102.38
900030,513018,WELCOME15,166.69
900170,503803,FLASH25,135.45
900476,514905,LOYALTY10,19.83
902066,507035,BUNDLE20,35.52
901324,522808,REFERRAL5,37.84
902518,502259,WELCOME15,70.56
901013,502988,BUNDLE20,114.54
900959,509424,REFERRAL5,22.63
901452,503073,WELCOME15,157.11
900621,529245,LOYALTY10,157.97
901271,519520,BUNDLE20,161.31
902064,526267,WELCOME15,96.34
900133,518243,BUNDLE20,184.18
902794,506976,LOYALTY10,46.44
901000,500497,SPRING10,102.55
902188,526106,BUNDLE20,125.06
902679,500563,LOYALTY10,89.04
900422,529141,REFERRAL5,108.97
902789,526116,VIP30,123.74
900344,528893,SPRING10,21.67
900008,504583,REFERRAL5,86.41
901492,516611,LOYALTY10,65.61
902340,506318,BUNDLE20,144.04
902489,516394,WELCOME15,110.22
901550,514408,BUNDLE20,125.42
900076,517307,WELCOME15,57.48
902358,529467,REFERRAL5,35.83
902662,521860,VIP30,15.58
900561,517186,WELCOME15,165.8
900930,527310,BUNDLE20,125.42
902768,519572,VIP30,56.58
901289,514887,REFERRAL5,36.46
901826,524951,FLASH25,78.61
902694,518919,REFERRAL5,19.7
902250,503932,LOYALTY10,48.46
900748,508702,BUNDLE20,151.7
900910,526640,FLASH25,101.96
901469,517127,WELCOME15,48.42
901308,511610,BUNDLE20,12.55
900667,525636,BUNDLE20,115.48
902070,517096,WELCOME15,82.14
900634,526179,SPRING10,78.45
901117,522560,FLASH25,121.23
902607,501333,FLASH25,55.78
902249,503932,WELCOME15,82.87
901947,510781,REFERRAL5,60.17
902441,515292,BUNDLE20,96.76
900167,508007,VIP30,181.51
901097,518762,LOYALTY10,42.13
901353,508324,LOYALTY10,94.13
902197,517190,BUNDLE20,134.08
902154,513097,FLASH25,45.82
902174,526067,VIP30,147.56
902597,529280,SPRING10,105.25
901463,530038,BUNDLE20,193.35
900434,518829,FLASH25,119.84
901060,530049,LOYALTY10,19.75
902180,522299,WELCOME15,80.99
901880,509950,VIP30,143.54
900121,511549,WELCOME15,179.32
900937,501181,WELCOME15,190.71
900122,527388,BUNDLE20,40.19
901653,522822,LOYALTY10,22.2
900781,508378,REFERRAL5,97.23
900732,514327,LOYALTY10,109.36
901700,523750,FLASH25,115.16
901949,526181,VIP30,32.84
900512,509787,BUNDLE20,43.83
901719,518040,FLASH25,118.22
902785,502605,FLASH25,126.98
902549,527493,WELCOME15,119.7
900262,509696,FLASH25,188.62
901477,505826,VIP30,61.86
900335,513813,VIP30,110.89
902173,526067,FLASH25,35.24
902310,513046,FLASH25,39.62
901853,520693,SPRING10,166.07
900601,509951,FLASH25,36.34
902631,514358,SPRING10,83.13
901542,518942,WELCOME15,117.04
901832,526277,SPRING10,52.92
901409,526097,WELCOME15,149.16
901016,515675,REFERRAL5,179.3
901643,509671,BUNDLE20,174.06
901925,508980,FLASH25,42.14
902570,525835,BUNDLE20,54.76
901692,513004,FLASH25,86.97
901388,503563,BUNDLE20,199.04
902279,514067,BUNDLE20,132.38
900487,500408,REFERRAL5,171.23
902573,501749,VIP30,139.75
900750,506396,FLASH25,158.41
900441,522247,WELCOME15,165.56
902285,529413,VIP30,110.35
900986,516188,FLASH25,25.11
900977,527467,VIP30,54.11
900298,521867,REFERRAL5,177.49
902478,507717,BUNDLE20,143.42
901565,508525,SPRING10,154.52
902564,505670,SPRING10,112.29
900036,522068,REFERRAL5,150.97
901181,521546,REFERRAL5,137.74
902422,513593,WELCOME15,12.12
900980,501956,FLASH25,14.87
900173,523372,WELCOME15,178.1
902395,510505,VIP30,26.82
902550,527493,SPRING10,21.92
901364,527743,VIP30,195.32
900891,518824,LOYALTY10,148.8
901333,521889,LOYALTY10,125.91
900897,517288,VIP30,111.26
902695,507590,BUNDLE20,149.43
900417,522550,WELCOME15,172.7
900301,502529,VIP30,161.42
901470,529445,BUNDLE20,194.97
900956,502111,LOYALTY10,198.59
902516,512531,LOYALTY10,36.46
901063,518602,REFERRAL5,126.33
900393,523648,WELCOME15,144.92
902025,504480,WELCOME15,139.38
902481,523839,BUNDLE20,12.3
902107,510030,REFERRAL5,35.46
900579,529989,VIP30,118.73
900603,524153,VIP30,186.92
901971,509423,WELCOME15,165.85
901318,510611,REFERRAL5,107.52
901810,504634,BUNDLE20,197.58
900248,506632,VIP30,14.34
902486,500478,BUNDLE20,76.44
902178,502506,SPRING10,74.09
900754,528992,VIP30,53.37
902439,511350,VIP30,37.6
900967,509672,REFERRAL5,62.98
901413,510072,WELCOME15,37.49
901082,502325,SPRING10,122.25
900176,506431,BUNDLE20,158.7
901493,525469,FLASH25,194.59
900764,502627,BUNDLE20,163.42
900557,504369,BUNDLE20,16.88
902156,503765,VIP30,79.76
900620,506013,BUNDLE20,32.12
901377,527294,REFERRAL5,185.18
901331,501223,VIP30,23.47
901176,517712,VIP30,70.28
902752,526740,SPRING10,96.39
900200,511919,VIP30,120.58
901104,503777,LOYALTY10,16.64
901920,512372,REFERRAL5,11.83
901035,512483,SPRING10,37.7
902503,500647,LOYALTY10,147.83
902383,504812,REFERRAL5,140.27
900089,529288,BUNDLE20,183.54
901024,507368,BUNDLE20,180.76
901420,517560,SPRING10,38.22
901836,519442,FLASH25,71.25
902044,508175,LOYALTY10,68.39
901738,523928,VIP30,88.42
901683,513641,REFERRAL5,60.84
901040,516870,LOYALTY10,42.38
902642,506996,REFERRAL5,32.39
901458,509752,SPRING10,120.61
901549,527305,WELCOME15,70.83
901660,513783,WELCOME15,193.81
901868,508776,WELCOME15,37.26
900533,501852,VIP30,23.75
900286,529209,SPRING10,182.75
901219,506613,FLASH25,137.44
901490,523569,SPRING10,45.97
902584,502936,LOYALTY10,145.73
901713,506244,REFERRAL5,126.88
901514,523125,WELCOME15,188.4
902672,503792,WELCOME15,116.41
901829,516536,SPRING10,18.05
901892,526814,FLASH25,82.14
901315,509626,WELCOME15,189.03
901768,507087,LOYALTY10,61.7
900468,528652,FLASH25,60.44
902428,509443,LOYALTY10,85.88
902199,528161,WELCOME15,120.68
901384,501858,FLASH25,43.46
901845,501289,REFERRAL5,67.35
900983,523834,BUNDLE20,89.87
900101,501734,LOYALTY10,196.9
900391,523385,LOYALTY10,165.71
901722,511838,LOYALTY10,11.45
900540,506477,VIP30,160.32
901706,524949,LOYALTY10,160.74
902731,524931,VIP30,59.25
901772,512303,SPRING10,98.22
900524,525176,REFERRAL5,138.08
900712,512454,REFERRAL5,116.3
901111,508331,LOYALTY10,120.82
902245,518001,REFERRAL5,116.49
902230,521323,VIP30,69.39
900202,529714,REFERRAL5,178.81
900287,523064,LOYALTY10,12.41
900616,524255,SPRING10,44.56
902309,513046,REFERRAL5,121.06
901939,502879,REFERRAL5,156.38
900021,523009,BUNDLE20,171.89
900044,505528,SPRING10,61.08
901156,524094,REFERRAL5,140.14
900852,508931,WELCOME15,156.83
900002,506011,FLASH25,78.44
900448,500658,VIP30,178.71
900858,507467,WELCOME15,161.95
902665,517406,WELCOME15,54.81
900426,501516,REFERRAL5,137.05
900420,508854,FLASH25,105.45
900071,527541,LOYALTY10,177.26
902012,519506,BUNDLE20,49.68
900679,508673,SPRING10,49.44
900813,511746,REFERRAL5,170.34
901702,519841,REFERRAL5,125.54
902223,514195,BUNDLE20,116.04
901448,526211,SPRING10,68.96
902787,504902,FLASH25,116.26
902784,500058,REFERRAL5,52.69
901290,511569,FLASH25,194.63
901616,505872,BUNDLE20,189.35
901827,516080,REFERRAL5,75.78
900074,504322,VIP30,123.02
902284,521967,LOYALTY10,81.64
901788,503631,FLASH25,60.42
902471,528276,REFERRAL5,41.43
901728,512808,VIP30,133.21
900702,510715,FLASH25,106.64
902567,519477,FLASH25,87.9
902303,505595,BUNDLE20,22.65
901778,516588,REFERRAL5,131.58
901389,515916,BUNDLE20,111.82
901486,512731,BUNDLE20,67.38
900699,522901,SPRING10,21.45
900432,505904,WELCOME15,109.42
900035,510412,VIP30,116.62
900668,524603,VIP30,10.17
902079,509706,VIP30,15.18
902411,504909,WELCOME15,134.21
901201,516998,REFERRAL5,110.28
902668,528733,VIP30,51.47
902215,519742,SPRING10,41.07
902177,502506,REFERRAL5,88.46
900364,519171,WELCOME15,149.89
902660,513832,BUNDLE20,54.97
900304,516310,SPRING10,58.05
901872,523879,WELCOME15,109.06
900929,514522,VIP30,135.46
902147,525685,WELCOME15,85.66
900808,501501,REFERRAL5,106.72
901109,522199,VIP30,169.7
902453,500479,FLASH25,66.89
902762,518276,VIP30,126.95
901560,529742,VIP30,126.9
900284,515976,FLASH25,81.82
901604,504110,FLASH25,50.29
900051,510298,REFERRAL5,85.09
900369,519299,REFERRAL5,93.72
900418,528839,LOYALTY10,108.0
901406,506588,BUNDLE20,93.19
900237,524924,BUNDLE20,69.31
900832,502055,LOYALTY10,148.54
900305,525711,REFERRAL5,125.78
902539,513897,BUNDLE20,21.04
902605,500209,SPRING10,147.93
900704,521522,WELCOME15,169.59
902575,510756,WELCOME15,77.61
901584,515988,WELCOME15,78.98
902576,510756,BUNDLE20,60.99
900576,515069,SPRING10,164.06
901189,507729,REFERRAL5,127.06
901802,521755,REFERRAL5,198.74
901567,529931,VIP30,114.7
900502,509593,WELCOME15,48.52
901450,503838,VIP30,23.99
902781,523976,WELCOME15,132.69
900925,521409,BUNDLE20,37.37
901654,529270,REFERRAL5,151.68
901910,522732,REFERRAL5,84.91
900001,525628,WELCOME15,114.7
900916,502135,BUNDLE20,170.13
901126,510149,VIP30,181.14
901088,514460,BUNDLE20,109.7
900544,516238,SPRING10,12.64
901876,522084,VIP30,138.19
902783,500058,SPRING10,47.36
900725,512871,REFERRAL5,115.01
901569,529183,SPRING10,70.45
900097,517784,REFERRAL5,89.07
900749,513737,VIP30,10.89
900052,527054,SPRING10,15.98
900995,505675,VIP30,73.1
901371,521438,WELCOME15,155.08
901276,510961,WELCOME15,16.65
900483,526228,BUNDLE20,65.71
902321,511828,BUNDLE20,95.82
901253,518849,BUNDLE20,46.93
901812,522924,BUNDLE20,37.99
901934,517752,BUNDLE20,121.14
902347,509583,REFERRAL5,133.69
901124,511299,LOYALTY10,100.63
900091,504928,WELCOME15,21.95
902736,506348,VIP30,149.25
902683,506563,BUNDLE20,53.94
900450,523957,WELCOME15,35.85
901857,512801,LOYALTY10,77.62
900889,521342,SPRING10,170.56
900113,525995,WELCOME15,101.01
901969,503901,REFERRAL5,117.32
901144,524235,BUNDLE20,25.11
902216,519742,LOYALTY10,124.59
901019,514474,BUNDLE20,128.92
902512,518286,LOYALTY10,12.71
900514,500174,VIP30,79.26
900428,500888,LOYALTY10,186.59
901547,502405,LOYALTY10,69.83
901119,501986,SPRING10,113.34
900953,522632,LOYALTY10,193.85
901799,516935,FLASH25,72.7
902606,500209,FLASH25,123.08
900528,509099,WELCOME15,74.36
900105,513983,SPRING10,97.91
900684,509170,WELCOME15,190.02
902634,504868,LOYALTY10,115.99
900337,501747,WELCOME15,198.4
900618,527178,SPRING10,173.65
902582,505795,LOYALTY10,25.2
900740,506138,SPRING10,15.27
900289,504347,LOYALTY10,43.93
900182,519683,WELCOME15,49.41
901739,515231,BUNDLE20,137.71
901921,505855,REFERRAL5,29.11
900238,500961,WELCOME15,19.91
900480,520369,WELCOME15,58.88
900711,508587,SPRING10,20.05
901544,500893,WELCOME15,181.41
900223,524047,BUNDLE20,96.27
902446,527352,FLASH25,59.04
901429,512673,WELCOME15,105.7
902419,505224,FLASH25,17.97
900329,514364,VIP30,182.25
901924,511629,FLASH25,108.85
900661,500894,REFERRAL5,193.53
900470,512950,VIP30,159.16
900784,523534,WELCOME15,27.36
902531,504362,WELCOME15,118.81
901885,514328,LOYALTY10,152.54
902732,524931,BUNDLE20,133.8
901707,509013,WELCOME15,166.27
902646,517875,SPRING10,25.46
901882,524016,SPRING10,133.21
901071,506873,REFERRAL5,54.07
900260,523826,REFERRAL5,165.59
901451,517219,BUNDLE20,149.9
902598,529280,WELCOME15,75.73
902182,525909,REFERRAL5,97.77
900709,504295,LOYALTY10,89.32
902517,502259,SPRING10,133.93
900662,510270,WELCOME15,163.86
901220,502447,SPRING10,79.67
900935,520703,WELCOME15,137.69
902316,521579,FLASH25,23.41
900099,504275,BUNDLE20,180.08
901795,517811,BUNDLE20,191.93
901108,525861,WELCOME15,196.84
901133,513022,WELCOME15,41.39
900317,512082,VIP30,72.48
901720,508869,BUNDLE20,178.25
901676,505572,WELCOME15,94.51
902298,522121,LOYALTY10,17.74
900363,525726,LOYALTY10,155.93
902008,514748,LOYALTY10,33.63
901374,514116,LOYALTY10,176.02
902376,503321,SPRING10,73.94
901961,527921,SPRING10,70.39
902391,515881,LOYALTY10,34.64
901229,505560,SPRING10,33.79
902463,512228,FLASH25,64.14
900185,503488,SPRING10,165.39
901532,525062,REFERRAL5,197.25
901519,519923,SPRING10,143.77
901343,511704,LOYALTY10,168.55
901115,508355,BUNDLE20,31.13
900119,501794,WELCOME15,185.09
900950,500376,REFERRAL5,148.14
900063,527102,SPRING10,56.37
901743,500101,VIP30,48.75
902620,530047,FLASH25,147.56
901555,515974,LOYALTY10,19.7
900677,500159,SPRING10,69.34
900137,506374,SPRING10,67.23
901014,512423,SPRING10,159.42
900613,515752,WELCOME15,158.46
902035,520013,BUNDLE20,123.71
902423,513901,WELCOME15,114.09
900355,519791,WELCOME15,163.05
901945,527152,FLASH25,58.19
901848,522059,BUNDLE20,31.66
900117,509048,FLASH25,150.39
900541,511767,VIP30,59.5
901655,506905,VIP30,143.58
900788,530077,REFERRAL5,71.87
900211,502984,WELCOME15,164.45
902167,504202,WELCOME15,89.38
900665,517564,REFERRAL5,23.35
900012,528017,VIP30,103.26
900553,512996,LOYALTY10,139.87
901774,508094,SPRING10,132.5
901959,516839,BUNDLE20,183.72
901750,518135,VIP30,27.09
900370,501082,WELCOME15,152.77
902651,500555,VIP30,73.24
901258,521261,WELCOME15,78.99
902158,513856,REFERRAL5,54.11
902270,521273,BUNDLE20,52.17
902146,506514,BUNDLE20,130.9
901952,521791,SPRING10,106.47
902796,518512,SPRING10,89.27
900316,522875,REFERRAL5,43.07
900966,522896,BUNDLE20,35.61
900577,505020,WELCOME15,29.45
901717,515597,WELCOME15,27.14
900283,508430,SPRING10,29.11
902654,512336,FLASH25,96.39
900970,522030,LOYALTY10,188.87
901526,524773,LOYALTY10,96.64
902018,520904,REFERRAL5,26.07
900831,511176,FLASH25,45.59
901613,504727,VIP30,138.59
900046,506482,REFERRAL5,151.96
902432,515858,FLASH25,30.07
902536,521172,FLASH25,104.49
902527,507545,WELCOME15,100.97
900708,527843,LOYALTY10,145.51
900955,524832,FLASH25,81.08
900996,528577,SPRING10,18.55
902368,515190,REFERRAL5,137.36
901819,527995,FLASH25,35.0
902412,504909,REFERRAL5,24.13
902511,518286,FLASH25,145.61
901734,513723,VIP30,79.22
900894,520685,BUNDLE20,100.89
901559,512810,WELCOME15,52.68
901341,515592,SPRING10,179.28
901859,526399,SPRING10,126.49
902603,504685,REFERRAL5,52.66
902106,512434,LOYALTY10,23.99
900535,525584,WELCOME15,118.71
900758,518504,WELCOME15,171.2
901817,514870,FLASH25,167.65
901114,524463,FLASH25,156.77
901656,501527,REFERRAL5,108.58
900505,508611,LOYALTY10,35.25
901155,501436,VIP30,67.67
902028,512648,LOYALTY10,100.63
902799,518502,WELCOME15,23.97
901475,518770,WELCOME15,57.32
901344,510287,BUNDLE20,103.02
902591,512886,REFERRAL5,111.61
902118,504443,BUNDLE20,103.92
902084,517973,WELCOME15,134.07
901032,513960,VIP30,166.0
901143,502822,LOYALTY10,65.81
900729,526419,FLASH25,27.72
901017,521568,VIP30,140.99
901662,505892,FLASH25,141.41
900747,504678,VIP30,46.18
901405,510017,REFERRAL5,113.15
901632,504912,BUNDLE20,53.51
901527,526508,FLASH25,160.67
901930,527848,WELCOME15,41.36
901205,516085,WELCOME15,158.14
901625,514118,SPRING10,80.1
901797,516322,VIP30,142.16
901479,517515,FLASH25,108.92
901061,500978,FLASH25,107.37
901609,520972,WELCOME15,12.1
900437,527311,WELCOME15,60.78
902308,516793,VIP30,39.92
900459,504773,VIP30,133.8
902400,501450,SPRING10,146.79
901369,525231,VIP30,175.77
900047,511607,VIP30,52.13
900254,527959,BUNDLE20,56.42
900255,519538,WELCOME15,63.0
902502,525057,VIP30,144.61
900213,524429,REFERRAL5,180.84
901511,528566,BUNDLE20,167.9
902613,508536,LOYALTY10,15.85
900236,506492,FLASH25,68.25
902581,505795,FLASH25,111.55
902190,516792,SPRING10,113.58
901984,513254,VIP30,100.69
900964,518472,LOYALTY10,104.99
902532,504362,BUNDLE20,76.44
900146,528983,SPRING10,81.7
902553,528667,SPRING10,144.57
902739,514139,BUNDLE20,92.38
902271,510942,REFERRAL5,41.22
900516,500791,WELCOME15,152.6
902705,505217,REFERRAL5,126.16
900462,506840,SPRING10,123.73
901028,510568,SPRING10,192.82
900210,503814,VIP30,91.01
901865,526359,LOYALTY10,194.08
900532,509314,FLASH25,172.31
901821,513891,SPRING10,154.46
900994,516180,WELCOME15,130.15
901228,511909,FLASH25,189.22
901822,523525,VIP30,39.28
900405,513327,SPRING10,141.28
901659,529708,SPRING10,187.38
900863,505378,VIP30,145.13
900793,505547,REFERRAL5,195.26
902402,526927,SPRING10,145.96
901903,529004,WELCOME15,35.44
901078,527224,BUNDLE20,119.7
900629,511141,REFERRAL5,82.48
901576,512173,LOYALTY10,50.19
901464,511880,WELCOME15,13.71
901852,500728,BUNDLE20,72.99
902595,501349,WELCOME15,44.24
900625,522685,WELCOME15,182.59
900439,501033,WELCOME15,155.89
902077,511122,SPRING10,74.31
901838,522007,LOYALTY10,171.38
901023,508338,LOYALTY10,42.45
901440,503830,VIP30,92.14
900266,513219,VIP30,15.77
902786,502605,WELCOME15,54.55
902435,501524,FLASH25,107.95
900162,516949,VIP30,36.14
900837,528212,LOYALTY10,130.94
901684,508946,FLASH25,44.28
901449,502706,WELCOME15,147.23
901339,512241,WELCOME15,69.8
902033,524776,VIP30,140.13
900592,509575,VIP30,79.8
900530,520373,LOYALTY10,154.14
901714,502852,FLASH25,198.88
902175,500125,REFERRAL5,73.74
900979,500671,SPRING10,89.93
901446,516952,LOYALTY10,48.64
900152,526424,VIP30,106.39
902011,527406,LOYALTY10,144.8
900816,504624,FLASH25,76.54
900850,508841,SPRING10,151.64
902338,523785,WELCOME15,32.54
902397,519581,WELCOME15,107.38
901608,503404,FLASH25,132.65
901721,529865,LOYALTY10,189.88
901603,516565,WELCOME15,186.42
901489,501841,REFERRAL5,78.7
901015,512113,WELCOME15,77.75
902057,523376,VIP30,52.42
900214,515490,REFERRAL5,144.67
902645,517875,VIP30,20.39
900746,505127,LOYALTY10,29.72
900724,512512,WELCOME15,70.63
900833,526653,FLASH25,82.94
902559,517072,FLASH25,147.11
900077,510873,SPRING10,136.59
901030,520771,FLASH25,92.07
900323,520522,VIP30,94.86
900960,515010,SPRING10,126.86
902356,522130,WELCOME15,15.26
901844,520492,REFERRAL5,167.33
902718,507084,REFERRAL5,119.6
902016,514577,SPRING10,161.1
901897,512352,WELCOME15,138.16
902392,515881,WELCOME15,143.26
901759,512001,VIP30,79.87
902171,524109,FLASH25,109.87
902649,529885,VIP30,18.27
900124,513846,LOYALTY10,136.41
901383,524628,REFERRAL5,110.0
902671,503792,REFERRAL5,18.15
900789,527006,SPRING10,113.02
901053,508811,LOYALTY10,191.7
901953,505274,SPRING10,163.7
900336,516121,VIP30,110.25
901833,509387,BUNDLE20,103.27
902659,513832,LOYALTY10,112.04
901404,525028,BUNDLE20,115.77
900828,507466,FLASH25,104.1
900636,506912,LOYALTY10,105.57
900703,523738,SPRING10,84.55
900180,505448,WELCOME15,61.9
902165,526867,SPRING10,70.38
901904,502692,BUNDLE20,113.18
902798,508758,FLASH25,106.86
900794,523007,LOYALTY10,84.76
900108,505089,VIP30,66.74
902083,517973,LOYALTY10,102.12
900940,518066,REFERRAL5,44.58
901103,523052,SPRING10,66.81
900700,516818,REFERRAL5,136.3
900100,504958,REFERRAL5,150.04
901557,523528,REFERRAL5,66.25
901495,508800,VIP30,33.54
901775,517878,FLASH25,140.43
901635,511881,VIP30,162.46
902002,519849,VIP30,196.22
900190,502989,BUNDLE20,25.6
902034,507240,WELCOME15,87.73
900575,527393,FLASH25,100.75
900302,516513,WELCOME15,96.37
901546,510750,SPRING10,58.53
901960,524449,SPRING10,97.33
901012,517021,BUNDLE20,17.15
902720,514897,VIP30,88.4
901791,519343,VIP30,48.11
900637,502327,LOYALTY10,35.7
901264,507311,SPRING10,161.21
901896,514428,VIP30,197.95
902555,511088,REFERRAL5,74.2
902020,506029,VIP30,28.34
901193,500591,SPRING10,52.04
901209,505703,FLASH25,89.99
902616,522289,LOYALTY10,21.59
900778,514600,WELCOME15,79.99
901083,503403,REFERRAL5,54.06
900617,516315,FLASH25,36.37
900736,523730,FLASH25,156.2
901292,500188,VIP30,64.17
900738,527074,VIP30,141.04
901667,517570,BUNDLE20,44.8
902315,521579,BUNDLE20,32.82
901173,514171,VIP30,141.35
902566,502420,FLASH25,72.28
900643,500431,VIP30,164.75
901503,500718,BUNDLE20,118.34
902081,514945,VIP30,123.33
902209,523727,WELCOME15,99.53
902287,505034,SPRING10,30.73
901021,509510,VIP30,49.28
902515,512531,REFERRAL5,33.89
901746,503711,VIP30,183.54
901522,503828,VIP30,101.0
901122,503841,BUNDLE20,120.55
901260,528813,FLASH25,69.33
901651,507615,LOYALTY10,120.92
901972,514492,REFERRAL5,14.81
901846,522109,LOYALTY10,188.7
902682,518503,SPRING10,44.47
901704,509469,SPRING10,111.67
902600,506861,LOYALTY10,116.39
902110,521716,WELCOME15,13.26
901866,507692,SPRING10,154.97
900447,502277,BUNDLE20,151.11
901434,522578,FLASH25,159.38
901715,524640,SPRING10,188.22
901993,525617,REFERRAL5,135.99
902082,514945,REFERRAL5,69.34
900757,527115,WELCOME15,188.09
901529,527857,WELCOME15,11.71
900803,529313,LOYALTY10,197.78
900672,526142,FLASH25,195.1
902609,529176,SPRING10,20.56
900131,513057,SPRING10,164.53
901745,518830,SPRING10,162.71
902630,524642,SPRING10,102.01
901327,526021,BUNDLE20,70.03
900582,524981,BUNDLE20,109.23
901283,514993,BUNDLE20,66.57
902506,524243,VIP30,124.02
900241,507451,BUNDLE20,163.58
900835,521610,FLASH25,46.01
900843,508114,SPRING10,88.89
900552,520235,SPRING10,140.86
900149,516805,REFERRAL5,132.93
902133,510454,FLASH25,23.76
902264,507152,LOYALTY10,23.07
901043,520066,LOYALTY10,16.53
902293,511203,VIP30,108.97
901596,517916,BUNDLE20,51.66
900041,501285,REFERRAL5,138.34
900362,514305,BUNDLE20,124.96
902779,521618,WELCOME15,38.05
902407,512987,SPRING10,33.59
900902,500738,FLASH25,77.35
900862,529750,REFERRAL5,192.48
901563,523195,WELCOME15,191.47
901765,529365,VIP30,43.17
902051,508258,VIP30,137.22
902443,517083,LOYALTY10,21.0
900024,529518,BUNDLE20,56.11
901839,525555,FLASH25,80.59
902688,501403,WELCOME15,78.77
901304,510594,VIP30,59.03
900338,523907,BUNDLE20,52.1
900760,501464,LOYALTY10,194.95
900965,511255,REFERRAL5,134.48
901167,506951,REFERRAL5,53.55
901059,519326,REFERRAL5,89.42
902181,525909,WELCOME15,32.84
900715,520311,WELCOME15,125.78
902278,507394,SPRING10,77.92
900085,515422,VIP30,197.51
902229,521323,LOYALTY10,34.38
901668,518981,VIP30,50.93
901199,505772,LOYALTY10,108.14
901431,517222,BUNDLE20,61.17
900169,519687,SPRING10,36.2
900387,521660,WELCOME15,111.76
901705,505254,WELCOME15,120.19
901766,513934,BUNDLE20,30.59
900716,515979,VIP30,80.89
901995,519792,LOYALTY10,47.52
901907,526936,WELCOME15,157.57
901512,516239,LOYALTY10,73.36
901397,525224,REFERRAL5,62.28
902129,517125,FLASH25,78.63
901188,519939,BUNDLE20,128.09
900911,507197,FLASH25,102.8
901198,519999,LOYALTY10,159.71
900268,501624,SPRING10,82.22
900312,512569,WELCOME15,84.19
900490,504166,WELCOME15,29.69
901611,521272,SPRING10,22.45
901246,522643,WELCOME15,130.88
902331,509186,SPRING10,96.26
902700,525825,VIP30,61.54
901225,510905,FLASH25,99.39
902152,523081,VIP30,88.05
901398,511755,BUNDLE20,42.39
900903,506886,SPRING10,139.05
902417,501363,FLASH25,55.53
900865,507533,WELCOME15,68.35
901285,526487,FLASH25,35.51
901354,521173,REFERRAL5,92.55
900457,525447,SPRING10,19.51
900204,519922,REFERRAL5,49.35
901172,511696,REFERRAL5,85.95
901048,528252,SPRING10,182.31
901232,520153,LOYALTY10,162.15
902722,515458,REFERRAL5,84.96
901577,511182,BUNDLE20,96.9
902219,526180,BUNDLE20,80.51
902706,505217,VIP30,11.71
901299,504746,BUNDLE20,167.18
902361,510289,BUNDLE20,44.57
902344,515368,WELCOME15,36.7
902189,516792,VIP30,128.38
902509,501032,SPRING10,21.81
902038,504016,WELCOME15,118.36
900403,502743,VIP30,95.32
900345,527119,WELCOME15,179.25
900823,515051,REFERRAL5,57.18
900978,514212,VIP30,143.7
900988,526872,VIP30,170.48
902254,509063,BUNDLE20,117.33
901175,523347,WELCOME15,168.87
900078,526502,REFERRAL5,63.06
900239,503027,WELCOME15,53.41
901224,506055,FLASH25,112.48
902072,506525,REFERRAL5,137.65
901805,511392,WELCOME15,100.99
902639,523793,BUNDLE20,11.43
901588,528008,FLASH25,88.14
900571,527611,SPRING10,196.99
902650,529885,LOYALTY10,47.96
901640,500239,VIP30,181.86
902102,528536,VIP30,74.78
902144,516235,VIP30,91.6
900733,526773,FLASH25,21.29
902007,502764,WELCOME15,14.73
902743,504726,FLASH25,28.98
901052,502350,REFERRAL5,25.89
901337,500646,SPRING10,65.87
900389,511798,WELCOME15,147.26
901057,518872,BUNDLE20,67.59
902465,527625,VIP30,32.43
900924,504497,SPRING10,49.51
902283,521967,REFERRAL5,131.91
901879,519318,VIP30,116.04
900328,515100,REFERRAL5,172.34
901582,509963,LOYALTY10,150.88
900878,528043,BUNDLE20,124.63
900080,512347,REFERRAL5,25.89
901814,526473,SPRING10,169.85
900780,529289,LOYALTY10,10.93
902266,511289,LOYALTY10,18.76
901018,523324,SPRING10,134.22
902791,519250,FLASH25,83.47
900038,504799,REFERRAL5,97.85
902495,524684,VIP30,64.59
902708,521432,REFERRAL5,128.79
900767,507298,BUNDLE20,81.26
900799,503588,REFERRAL5,167.56
901843,520899,FLASH25,125.61
901675,513844,SPRING10,52.77
900944,510148,BUNDLE20,173.81
900562,518542,WELCOME15,168.65
902803,521703,VIP30,136.32
902472,528276,LOYALTY10,97.82
900566,522493,REFERRAL5,167.31
901132,508371,FLASH25,60.87
900632,510788,REFERRAL5,45.37
901658,506786,LOYALTY10,150.36
901335,502100,SPRING10,119.74
902440,511350,BUNDLE20,15.84
902701,514644,WELCOME15,77.92
900844,515871,REFERRAL5,26.01
901996,525939,WELCOME15,10.01
900958,509105,VIP30,156.21
900022,527002,FLASH25,40.64
902053,524056,WELCOME15,134.63
901433,506658,FLASH25,95.79
901484,509577,REFERRAL5,142.84
902140,515404,FLASH25,17.45
901891,516608,REFERRAL5,115.4
901825,508163,WELCOME15,83.62
902339,506318,VIP30,89.96
900454,512757,LOYALTY10,34.07
901731,504511,FLASH25,17.63
901006,513828,VIP30,143.71
900139,503499,BUNDLE20,190.21
900062,519084,BUNDLE20,101.05
900385,525005,BUNDLE20,143.13
900009,521107,BUNDLE20,137.64
900989,516560,BUNDLE20,168.6
900010,515483,REFERRAL5,198.59
901551,527366,WELCOME15,174.25
900372,529034,LOYALTY10,100.8
900693,517102,FLASH25,102.45
900199,525033,SPRING10,105.89
900082,509955,FLASH25,101.58
902413,515822,BUNDLE20,27.46
900399,514058,LOYALTY10,142.56
901710,501746,SPRING10,65.61
901620,515478,LOYALTY10,196.76
900404,501265,WELCOME15,42.89
902747,526264,SPRING10,57.5
901368,529707,REFERRAL5,138.38
902548,507820,BUNDLE20,48.55
902661,521860,SPRING10,75.36
901399,515271,BUNDLE20,52.86
900004,512727,SPRING10,59.82
901031,514457,WELCOME15,77.99
901287,501763,LOYALTY10,48.55
900384,502854,SPRING10,182.82
900309,513553,SPRING10,44.84
901280,521486,BUNDLE20,191.21
902380,513795,FLASH25,19.13
900655,527403,REFERRAL5,30.84
902408,512987,VIP30,54.79
901973,502638,FLASH25,154.24
900061,506954,SPRING10,151.76
901437,508998,SPRING10,73.12
902164,516587,VIP30,116.19
901598,521025,WELCOME15,119.53
900649,506273,BUNDLE20,156.3
902348,509583,FLASH25,91.52
900551,522670,BUNDLE20,37.86
900578,528574,LOYALTY10,88.74
901252,527927,WELCOME15,76.93
900303,513182,VIP30,137.88
901842,509817,FLASH25,30.75
901062,503573,LOYALTY10,118.49
901391,527851,FLASH25,42.06
901159,505012,REFERRAL5,133.86
900324,500860,WELCOME15,18.45
902236,514185,WELCOME15,48.49
900515,503807,BUNDLE20,121.55
902196,517483,FLASH25,15.58
902022,518024,SPRING10,145.99
900997,504379,WELCOME15,55.16
902131,522928,SPRING10,102.51
901615,503610,VIP30,167.7
901322,522938,BUNDLE20,179.4
901295,503074,VIP30,66.32
902669,517081,BUNDLE20,12.13
902364,520943,WELCOME15,148.27
901485,501242,WELCOME15,68.26
902475,506090,SPRING10,75.52
901540,503079,BUNDLE20,19.15
901070,505163,FLASH25,163.36
902712,528805,VIP30,88.58
901345,529851,VIP30,159.69
901600,515610,LOYALTY10,43.08
900791,512470,FLASH25,104.54
900120,514591,REFERRAL5,129.01
902448,501434,WELCOME15,116.4
900058,503041,SPRING10,23.64
901763,521505,BUNDLE20,71.85
901585,510810,WELCOME15,169.52
900160,527561,LOYALTY10,199.56
902806,526649,SPRING10,57.35
902243,524324,FLASH25,47.61
902382,504287,SPRING10,119.42
901106,519135,REFERRAL5,104.8
902614,508536,REFERRAL5,127.32
900818,522854,BUNDLE20,129.26
900734,518071,FLASH25,161.19
902571,521815,LOYALTY10,143.02
902242,501348,VIP30,88.1
902449,501779,LOYALTY10,121.23
901586,517637,REFERRAL5,99.32
902074,521828,WELCOME15,97.58
901580,508327,REFERRAL5,114.54
900774,503867,VIP30,179.5
900546,515782,VIP30,165.44
902009,528510,WELCOME15,17.16
902457,528831,LOYALTY10,141.74
902490,516394,LOYALTY10,61.18
900096,529979,BUNDLE20,113.05
900786,506986,VIP30,23.2
901916,510089,FLASH25,74.29
901830,520133,FLASH25,42.09
901664,511717,REFERRAL5,10.25
900580,503341,VIP30,162.8
902674,515147,LOYALTY10,91.89
902379,513795,BUNDLE20,113.5
901284,510280,FLASH25,12.75
902734,510730,FLASH25,71.19
902373,509222,WELCOME15,115.54
900340,516583,FLASH25,128.91
902808,501694,REFERRAL5,99.93
900219,501993,LOYALTY10,11.63
900367,522415,SPRING10,199.94
900196,528632,LOYALTY10,143.71
900949,506763,BUNDLE20,197.73
900458,514583,LOYALTY10,50.61
901981,504593,BUNDLE20,42.31
900093,508539,FLASH25,150.07
901926,519231,SPRING10,29.02
902063,526267,SPRING10,130.58
902507,522330,FLASH25,54.71
901472,506174,FLASH25,23.57
900932,507367,BUNDLE20,18.7
901316,527085,FLASH25,60.66
901657,520724,BUNDLE20,155.24
901415,529842,REFERRAL5,107.14
900285,501230,VIP30,82.5
901251,501421,BUNDLE20,59.05
900197,522569,LOYALTY10,68.18
900971,504307,REFERRAL5,40.21
902227,518537,REFERRAL5,72.63
900463,507140,SPRING10,112.06
900401,511067,REFERRAL5,115.44
901306,524699,REFERRAL5,141.11
900397,506014,WELCOME15,96.81
902468,515853,REFERRAL5,116.78
900918,506623,VIP30,50.51
901638,523997,BUNDLE20,120.96
900497,522064,FLASH25,78.61
900107,507333,WELCOME15,165.87
902346,511103,REFERRAL5,120.36
901301,521619,WELCOME15,137.22
901036,511033,VIP30,78.41
901824,503435,WELCOME15,177.1
900871,526248,BUNDLE20,68.81
901385,504299,LOYALTY10,130.21
900469,520668,LOYALTY10,128.24
900892,510395,BUNDLE20,159.6
901208,507064,REFERRAL5,15.75
900827,521797,SPRING10,120.78
900059,515977,SPRING10,94.26
901092,503640,WELCOME15,45.83
900102,523422,VIP30,142.51
902406,521838,LOYALTY10,137.18
900377,519261,WELCOME15,173.29
902508,522330,REFERRAL5,95.57
902520,513834,SPRING10,35.97
900154,510011,FLASH25,173.28
900359,527974,REFERRAL5,131.22
902068,516410,BUNDLE20,135.65
900783,519844,VIP30,103.01
901510,520027,FLASH25,163.77
900563,510672,VIP30,161.15
900584,519501,FLASH25,61.04
901792,513367,SPRING10,188.16
902795,518512,VIP30,100.27
901182,526762,LOYALTY10,106.93
900801,517762,BUNDLE20,114.11
901190,502211,VIP30,182.83
900675,514775,SPRING10,124.16
902108,510030,WELCOME15,141.63
901639,516879,LOYALTY10,39.62
901202,512624,REFERRAL5,154.1
902491,507151,VIP30,107.48
901022,513328,BUNDLE20,198.95
902801,513532,FLASH25,51.09
901269,511651,WELCOME15,162.55
900657,528495,BUNDLE20,143.75
900868,501293,WELCOME15,156.97
901265,521180,LOYALTY10,181.69
901230,520164,BUNDLE20,35.77
901800,508240,SPRING10,104.62
900840,523076,WELCOME15,193.55
900222,509191,BUNDLE20,40.92
901319,513882,SPRING10,155.15
900969,517315,LOYALTY10,21.99
902425,512523,SPRING10,145.21
901245,510050,BUNDLE20,68.0
902741,523605,BUNDLE20,94.11
901396,520743,BUNDLE20,41.27
902464,512228,WELCOME15,55.35
902538,507925,BUNDLE20,120.46
900086,512178,WELCOME15,170.29
900593,519890,WELCOME15,11.2
900691,511837,LOYALTY10,86.39
900829,521066,SPRING10,159.77
901125,512994,FLASH25,159.02
901346,519880,FLASH25,80.99
901476,513481,WELCOME15,188.33
901997,510458,REFERRAL5,190.13
900278,506083,BUNDLE20,168.97
901964,505338,VIP30,176.27
900229,504418,FLASH25,163.97
902433,507334,BUNDLE20,102.4
901154,519447,SPRING10,170.28
901118,523160,BUNDLE20,93.25
900673,500411,REFERRAL5,181.78
902544,527572,VIP30,145.84
901473,504319,WELCOME15,97.46
901764,515366,BUNDLE20,166.77
900081,515290,VIP30,162.54
900380,520806,SPRING10,92.42
901010,526223,WELCOME15,183.87
900658,502263,VIP30,128.37
901090,510866,SPRING10,116.67
901828,506429,SPRING10,62.27
901955,512266,BUNDLE20,43.06
902136,515001,REFERRAL5,108.61
900692,527221,FLASH25,14.68
902691,519498,FLASH25,80.98
901328,529891,SPRING10,25.18
902324,509885,WELCOME15,143.54
900647,504303,WELCOME15,28.08
900482,511495,REFERRAL5,57.02
900568,521341,SPRING10,144.62
901574,512058,LOYALTY10,144.68
902602,521317,REFERRAL5,34.05
901963,511502,WELCOME15,120.03
900642,508584,SPRING10,172.84
902703,526608,REFERRAL5,143.31
900060,511908,REFERRAL5,152.25
900744,524891,WELCOME15,109.52
901266,526087,VIP30,101.52
900250,516165,VIP30,116.68
902095,521360,VIP30,67.55
901146,522584,BUNDLE20,161.95
900913,529532,FLASH25,60.51
902535,521172,LOYALTY10,114.85
901238,514861,VIP30,66.93
901747,529588,BUNDLE20,52.9
902187,526106,LOYALTY10,82.69
900029,520240,VIP30,183.44
902774,501187,FLASH25,104.91
900822,518834,REFERRAL5,185.61
900555,513318,LOYALTY10,144.05
901862,501177,FLASH25,41.4
900641,511072,WELCOME15,147.41
900039,514127,WELCOME15,73.29
902042,506969,VIP30,47.28
901793,507576,SPRING10,93.93
902198,517190,LOYALTY10,37.34
900406,511829,REFERRAL5,124.16
901465,510629,REFERRAL5,60.27
901005,508002,BUNDLE20,93.19
902780,521618,VIP30,113.52
900678,526007,REFERRAL5,192.24
900635,517433,LOYALTY10,11.51
900485,506268,SPRING10,32.19
902297,522121,REFERRAL5,93.5
901874,515598,WELCOME15,31.72
900043,520300,SPRING10,190.11
901849,507007,BUNDLE20,191.24
901178,527446,VIP30,110.92
901268,523286,WELCOME15,41.1
901618,521054,WELCOME15,41.75
902354,506440,WELCOME15,17.15
900424,511545,LOYALTY10,87.51
902305,525679,REFERRAL5,28.84
900472,521823,FLASH25,64.66
902745,503335,SPRING10,88.52
902312,518197,VIP30,41.32
902194,511933,SPRING10,137.49
902200,528161,VIP30,142.61
902100,522122,BUNDLE20,82.14
900719,521209,FLASH25,30.31
901494,507853,REFERRAL5,74.46
902185,526209,VIP30,114.96
901761,516819,FLASH25,104.82
900585,513094,REFERRAL5,74.74
902753,521508,FLASH25,106.56
901673,523685,BUNDLE20,165.82
900094,521726,REFERRAL5,14.67
902638,523952,VIP30,136.53
900806,529606,VIP30,32.07
900495,511517,REFERRAL5,158.75
902792,519250,REFERRAL5,36.37
901545,517739,FLASH25,53.57
901914,515537,VIP30,161.05
900694,505998,SPRING10,189.85
901782,524000,VIP30,75.39
901877,524442,VIP30,31.83
901787,515723,REFERRAL5,42.24
901067,520813,REFERRAL5,142.09
901572,516442,FLASH25,97.35
901079,529830,FLASH25,124.05
901994,510328,SPRING10,115.29
901081,519032,LOYALTY10,34.39
902365,507610,FLASH25,65.23
901593,507535,FLASH25,114.13
901363,515406,REFERRAL5,147.23
900842,507945,BUNDLE20,156.59
900723,521069,BUNDLE20,92.45
901358,503787,SPRING10,25.91
900245,522094,VIP30,79.61
900025,517310,REFERRAL5,97.3
900581,527089,LOYALTY10,34.27
900800,529131,VIP30,34.33
900720,503230,SPRING10,32.76
902010,503400,WELCOME15,138.96
901379,503356,WELCOME15,80.89
901977,513796,FLASH25,167.09
901878,528299,LOYALTY10,90.97
902157,513856,FLASH25,57.0
902724,505167,FLASH25,12.84
901530,517459,SPRING10,129.45
900451,508641,VIP30,105.36
901937,517834,BUNDLE20,22.67
900776,527850,BUNDLE20,128.61
900313,519533,BUNDLE20,128.61
901320,520019,BUNDLE20,112.2
900014,505949,REFERRAL5,28.73
902328,515248,FLASH25,57.63
902211,523518,LOYALTY10,67.26
902744,504726,SPRING10,114.92
900491,520756,BUNDLE20,184.54
902494,502891,VIP30,90.89
901770,504158,BUNDLE20,188.13
901688,520229,FLASH25,133.32
901911,501400,WELCOME15,179.97
900591,518436,LOYALTY10,147.47
902689,526830,BUNDLE20,75.69
901474,521029,BUNDLE20,160.05
900132,508284,BUNDLE20,42.72
902240,504082,WELCOME15,112.43
900689,518721,VIP30,188.87
900626,507276,BUNDLE20,91.63
901978,501517,REFERRAL5,73.71
902474,506053,LOYALTY10,52.89
902554,528667,FLASH25,27.86
900645,500903,REFERRAL5,139.17
900527,504039,BUNDLE20,193.28
901523,518333,WELCOME15,106.59
901730,522327,SPRING10,158.96
902352,518832,REFERRAL5,15.7
900128,516947,VIP30,33.48
902670,517081,WELCOME15,44.2
902505,524243,WELCOME15,44.79
900251,517504,REFERRAL5,154.3
900596,523311,FLASH25,178.1
900288,511501,VIP30,85.62
900163,509616,FLASH25,75.31
901933,503810,VIP30,80.84
900224,525709,BUNDLE20,56.09
901468,525484,FLASH25,86.56
900098,511911,SPRING10,142.12
900353,503580,WELCOME15,100.6
901453,501847,WELCOME15,174.01
900065,525184,LOYALTY10,179.15
901942,509784,REFERRAL5,15.88
900674,501713,SPRING10,114.57
901531,503293,BUNDLE20,40.74
900656,518324,VIP30,28.59
901626,507983,REFERRAL5,191.77
902455,507873,WELCOME15,95.33
900331,504542,LOYALTY10,103.56
902594,508557,FLASH25,20.73
900881,500952,SPRING10,76.09
901361,511375,REFERRAL5,145.33
901724,521105,LOYALTY10,25.77
900225,526437,REFERRAL5,122.7
901351,509327,LOYALTY10,74.74
902003,519576,REFERRAL5,120.46
901619,508517,REFERRAL5,119.54
902524,527051,SPRING10,19.41
902040,511057,FLASH25,77.34
901906,507989,BUNDLE20,61.0
900706,520415,BUNDLE20,61.67
900112,501490,LOYALTY10,123.61
902476,506090,BUNDLE20,137.65
900350,520004,BUNDLE20,22.36
900322,516058,VIP30,18.7
900455,504828,BUNDLE20,110.11
902431,515858,LOYALTY10,21.53
900306,515449,VIP30,184.93
902295,523079,REFERRAL5,80.73
900407,503999,BUNDLE20,36.31
901045,510278,REFERRAL5,197.75
900070,505838,LOYALTY10,14.12
902525,504750,VIP30,78.64
901226,508063,VIP30,151.5
902704,526608,VIP30,83.33
902342,518865,SPRING10,140.07
901785,515681,VIP30,100.41
901597,526548,SPRING10,131.08
900332,516128,SPRING10,39.45
902643,522218,SPRING10,102.92
900993,508633,BUNDLE20,76.78
901085,504532,VIP30,162.06
900290,512705,FLASH25,162.48
900525,511194,BUNDLE20,42.65
900114,529823,WELCOME15,148.35
901513,505199,BUNDLE20,56.22
900927,509225,WELCOME15,20.89
900917,512694,FLASH25,28.66
902032,518494,SPRING10,60.49
901380,506269,VIP30,12.23
902093,510870,VIP30,37.17
901259,508356,WELCOME15,69.71
901496,512714,SPRING10,171.86
900314,518693,SPRING10,32.29
902528,507545,REFERRAL5,139.64
900263,500784,REFERRAL5,126.96
902461,509433,FLASH25,110.76
901352,521113,VIP30,122.26
901837,505477,WELCOME15,108.2
901589,510341,WELCOME15,145.65
902765,523683,LOYALTY10,19.67
901762,525264,BUNDLE20,181.58
901504,524849,VIP30,29.97
902225,515544,WELCOME15,56.31
901753,518137,BUNDLE20,102.54
901007,516351,REFERRAL5,195.28
901402,505576,BUNDLE20,32.09
901157,509835,FLASH25,41.66
902755,502696,FLASH25,114.19
902644,522218,REFERRAL5,107.0
901690,528467,WELCOME15,195.93
901631,509194,FLASH25,112.38
901831,523177,REFERRAL5,159.93
900299,501426,WELCOME15,26.6
902396,510505,LOYALTY10,118.03
901570,529204,SPRING10,18.48
901326,525876,FLASH25,54.22
902121,512334,FLASH25,134.87
900697,511671,SPRING10,123.88
900159,520738,REFERRAL5,174.9
901372,516971,VIP30,155.8
901943,518539,SPRING10,163.27
900942,513800,LOYALTY10,78.79
901008,505064,WELCOME15,191.57
902501,525057,BUNDLE20,102.49
901709,512722,FLASH25,86.18
902409,500072,SPRING10,92.1
901536,500834,BUNDLE20,25.66
901332,508092,SPRING10,46.98
901080,523512,LOYALTY10,56.97
900687,512000,REFERRAL5,116.53
902343,515368,VIP30,39.61
900905,501169,VIP30,16.75
900644,500004,WELCOME15,69.5
900710,520815,BUNDLE20,82.87
900666,524601,VIP30,39.95
901623,509898,VIP30,156.86
900412,502581,REFERRAL5,176.8
901776,523498,FLASH25,111.05
901733,515689,REFERRAL5,191.89
901881,500550,REFERRAL5,80.61
900556,503689,SPRING10,87.66
902499,504778,WELCOME15,77.46
900023,500873,WELCOME15,181.09
900737,518212,VIP30,156.97
900671,509211,REFERRAL5,156.94
902062,515116,VIP30,114.86
901427,508095,REFERRAL5,194.49
900517,527312,FLASH25,85.37
902166,526867,VIP30,10.78
902375,503321,WELCOME15,50.52
901257,518999,BUNDLE20,126.41
902418,501363,WELCOME15,138.21
902267,515429,FLASH25,104.23
900777,504701,VIP30,48.14
900501,511844,SPRING10,41.84
900366,527375,WELCOME15,137.47
902427,509443,SPRING10,62.51
902534,515943,BUNDLE20,45.29
901042,516865,REFERRAL5,87.15
901649,515182,FLASH25,26.42
900859,503783,VIP30,20.88
900743,528194,WELCOME15,178.96
901305,523771,BUNDLE20,199.89
901386,523910,SPRING10,114.01
902304,505595,WELCOME15,119.38
901467,515754,WELCOME15,171.52
900352,503025,REFERRAL5,56.74
901162,527855,LOYALTY10,132.41
900811,519690,VIP30,169.6
901370,507262,FLASH25,110.67
900919,522541,SPRING10,179.83
901348,503617,BUNDLE20,80.64
901936,528553,VIP30,63.07
902697,516303,VIP30,129.05
900731,521653,WELCOME15,86.61
901789,527834,SPRING10,90.44
900821,527620,LOYALTY10,59.51
900869,516012,REFERRAL5,127.09
900543,518774,SPRING10,88.26
902153,513097,REFERRAL5,71.36
900526,524431,BUNDLE20,165.23
900207,522704,FLASH25,189.41
902401,526927,FLASH25,19.87
901483,527003,REFERRAL5,190.32
902251,526530,LOYALTY10,87.17
900651,506823,WELCOME15,116.3
900341,526251,BUNDLE20,94.11
902624,516108,VIP30,75.92
900962,521945,SPRING10,19.61
902716,513452,FLASH25,143.13
902627,502536,BUNDLE20,95.25
902075,520175,VIP30,116.43
901177,522279,LOYALTY10,40.41
902263,507152,WELCOME15,45.93
901223,528801,SPRING10,30.07
900342,525779,WELCOME15,41.52
900521,521868,LOYALTY10,20.18
900707,524867,SPRING10,185.3
901685,527986,FLASH25,151.04
900430,504917,WELCOME15,127.48
900368,501580,SPRING10,109.01
901293,500413,WELCOME15,160.04
902637,523952,LOYALTY10,113.43
901506,513681,VIP30,179.98
900506,513798,WELCOME15,59.55
902027,514004,VIP30,34.61
901537,523038,SPRING10,163.86
901203,522494,BUNDLE20,181.28
902802,513532,SPRING10,65.15
901390,504815,BUNDLE20,186.28
901147,523197,LOYALTY10,135.12
902089,506369,WELCOME15,76.85
900320,511013,SPRING10,197.74
902623,516108,BUNDLE20,141.54
902381,504287,FLASH25,100.89
902601,521317,SPRING10,71.5
901365,521876,LOYALTY10,94.27
901419,516386,SPRING10,181.33
900356,519968,REFERRAL5,188.39
902585,528590,VIP30,86.66
902169,508682,REFERRAL5,24.96
900680,513392,SPRING10,106.51
902036,515341,WELCOME15,28.19
901417,510024,FLASH25,73.38
901807,529463,BUNDLE20,13.41
902483,517393,BUNDLE20,126.29
901165,507637,REFERRAL5,144.32
900755,501695,FLASH25,186.61
901682,519393,REFERRAL5,28.29
901056,500059,WELCOME15,80.88
902268,515429,REFERRAL5,54.38
900194,529993,REFERRAL5,13.23
901441,517534,FLASH25,169.79
902621,503273,REFERRAL5,39.77
900358,527172,REFERRAL5,169.94
902138,502828,VIP30,69.37
900542,517025,VIP30,128.75
902622,503273,FLASH25,53.97
900538,525914,BUNDLE20,85.91
901781,509588,SPRING10,119.96
902807,501694,VIP30,100.13
900019,509151,VIP30,173.46
900646,510922,BUNDLE20,120.7
900435,501532,FLASH25,85.85
901986,512883,FLASH25,64.92
901663,505743,VIP30,170.93
900446,501703,WELCOME15,178.79
901254,508206,LOYALTY10,41.81
901784,501668,WELCOME15,44.94
900049,521452,BUNDLE20,124.07
900440,512117,WELCOME15,198.72
902797,508758,WELCOME15,34.64
901049,513489,LOYALTY10,36.14
901869,518741,LOYALTY10,152.54
901029,508796,SPRING10,114.66
900787,500362,BUNDLE20,22.2
901883,505497,WELCOME15,65.61
901895,503168,SPRING10,191.18
902345,511103,FLASH25,26.29
902578,504125,FLASH25,110.4
900310,507238,FLASH25,148.54
900810,515886,SPRING10,42.1
901378,505552,VIP30,17.63
902497,506832,FLASH25,91.37
901951,519201,BUNDLE20,68.52
901244,501397,VIP30,60.77
901561,507441,WELCOME15,85.02
902336,515602,BUNDLE20,100.52
901756,510012,REFERRAL5,93.99
900559,505421,FLASH25,180.15
902097,501457,LOYALTY10,32.09
901641,518050,FLASH25,107.55
900408,518916,WELCOME15,77.19
901645,524792,SPRING10,69.18
901286,525242,LOYALTY10,93.47
902160,502716,VIP30,24.42
902769,522132,VIP30,42.61
902023,517013,VIP30,54.99
902013,525154,WELCOME15,179.3
900873,517022,SPRING10,124.36
901723,524288,LOYALTY10,122.91
902415,521516,LOYALTY10,45.53
900031,526849,BUNDLE20,175.9
902085,505023,SPRING10,36.67
900486,529987,SPRING10,60.2
901840,500369,WELCOME15,44.33
900554,519426,WELCOME15,116.44
900874,500792,WELCOME15,105.55
901064,502099,BUNDLE20,33.88
901041,529362,REFERRAL5,163.46
900775,528642,FLASH25,44.4
901507,511620,WELCOME15,119.24
900130,527576,VIP30,41.0
900849,504182,LOYALTY10,44.51
902203,502848,WELCOME15,118.26
901163,529215,SPRING10,145.45
900456,508737,REFERRAL5,168.55
901525,508437,VIP30,169.33
901590,502979,LOYALTY10,79.27
900032,505963,VIP30,176.46
902430,522613,FLASH25,19.89
900494,511373,REFERRAL5,124.75
901818,516113,BUNDLE20,155.57
901281,505914,FLASH25,97.14
901381,526405,SPRING10,99.88
901310,528497,BUNDLE20,111.29
902091,521015,FLASH25,51.6
900886,524082,LOYALTY10,93.96
902039,517545,FLASH25,184.07
902727,524459,VIP30,34.23
901300,512702,BUNDLE20,152.0
901630,512966,LOYALTY10,56.27
901194,510526,LOYALTY10,118.04
901940,514884,WELCOME15,138.26
900934,502586,FLASH25,89.68
902640,523793,SPRING10,104.93
902414,515822,REFERRAL5,99.03
902202,507122,FLASH25,100.13
902217,517152,LOYALTY10,62.87
901481,516810,VIP30,85.7
901864,523266,LOYALTY10,153.56
900057,510510,LOYALTY10,166.43
902006,517566,REFERRAL5,121.56
900597,502110,SPRING10,109.59
900513,505727,REFERRAL5,69.37
900135,524287,BUNDLE20,37.13
902393,519282,LOYALTY10,141.64
900156,507070,FLASH25,69.87
902434,507334,SPRING10,88.86
901039,520149,REFERRAL5,49.3
900926,502164,VIP30,138.95
902313,524886,FLASH25,58.55
902326,505310,BUNDLE20,117.2
901134,500599,FLASH25,15.76
902484,517393,WELCOME15,128.52
900531,505345,BUNDLE20,20.02
900766,505390,FLASH25,105.26
900951,510434,BUNDLE20,196.74
902658,510721,REFERRAL5,120.37
902290,520396,FLASH25,121.41
900877,524612,VIP30,112.61
900814,527950,LOYALTY10,166.0
900410,514928,WELCOME15,54.51
901367,525599,BUNDLE20,186.94
900297,524081,BUNDLE20,68.41
900201,506716,BUNDLE20,80.51
900376,517377,BUNDLE20,47.91
900586,503102,REFERRAL5,82.83
902148,525685,FLASH25,108.94
901741,527166,LOYALTY10,35.7
900648,517572,BUNDLE20,151.35
900110,502192,WELCOME15,24.83
901579,509652,SPRING10,168.41
900631,509321,BUNDLE20,44.44
900158,527767,WELCOME15,85.34
902207,522577,LOYALTY10,141.29
902729,515819,FLASH25,136.67
902684,506563,REFERRAL5,112.13
902183,506668,FLASH25,50.36
902101,528536,FLASH25,29.44
902318,521702,FLASH25,108.37
902337,523785,SPRING10,19.75
901666,502436,VIP30,28.84
902274,528472,VIP30,109.44
902715,513452,REFERRAL5,110.48
901989,522411,FLASH25,182.38
902071,506525,WELCOME15,19.58
901515,521774,FLASH25,60.13
901307,522842,WELCOME15,10.41
900609,514091,VIP30,48.06
902693,518919,LOYALTY10,12.83
901968,518007,REFERRAL5,187.19
902763,501489,LOYALTY10,40.36
900498,522571,WELCOME15,153.77
902771,503463,SPRING10,133.8
901669,529122,REFERRAL5,198.83
900605,501959,SPRING10,163.86
900067,504354,LOYALTY10,34.64
900452,509779,BUNDLE20,100.07
902766,523683,WELCOME15,23.06
902390,504502,BUNDLE20,56.24
900144,508332,BUNDLE20,67.04
901798,505584,REFERRAL5,48.08
902421,513593,SPRING10,21.65
901628,521705,WELCOME15,134.81
901195,500764,BUNDLE20,26.72
901505,516922,REFERRAL5,193.43
901145,508079,FLASH25,171.47
900683,516581,VIP30,121.24
900090,526656,FLASH25,87.81
900973,517005,VIP30,114.59
901693,518279,SPRING10,125.18
901183,506416,FLASH25,146.08
900624,525743,FLASH25,108.95
901274,528946,WELCOME15,105.09
901979,524995,REFERRAL5,169.41
900421,529855,WELCOME15,47.05
900141,514808,SPRING10,114.09
901491,521076,REFERRAL5,137.08
901502,519940,LOYALTY10,31.78
900912,513870,LOYALTY10,44.32
900106,502672,BUNDLE20,21.37
902458,528831,FLASH25,29.92
900943,522421,SPRING10,36.87
901521,522325,REFERRAL5,94.37
902811,510969,FLASH25,56.55
902473,506053,WELCOME15,124.81
901636,525115,FLASH25,182.68
902351,518832,LOYALTY10,67.5
901149,523659,SPRING10,47.71
901373,519983,SPRING10,121.65
901393,519329,FLASH25,45.3
900351,516043,REFERRAL5,115.69
901046,519555,VIP30,16.6
900519,527442,BUNDLE20,127.9
902320,519287,WELCOME15,60.28
902322,511828,REFERRAL5,55.65
900050,529260,SPRING10,16.54
901086,502009,BUNDLE20,190.89
900054,504053,SPRING10,146.87
901101,519915,BUNDLE20,124.22
901587,525683,SPRING10,54.56
902385,518074,LOYALTY10,100.63
901501,515708,FLASH25,97.76
900819,526428,REFERRAL5,103.39
901169,522821,REFERRAL5,24.2
901568,502036,WELCOME15,173.88
900640,515679,BUNDLE20,195.83
901605,503843,WELCOME15,145.57
901051,501133,REFERRAL5,89.06
900252,522671,BUNDLE20,17.35
901790,525081,LOYALTY10,182.53
900957,518072,LOYALTY10,73.3
900026,501588,BUNDLE20,74.7
901430,512751,FLASH25,198.72
902126,512514,VIP30,129.77
901410,505705,FLASH25,145.79
902237,521699,LOYALTY10,48.97
900273,524382,VIP30,66.27
902289,520396,BUNDLE20,76.52
900906,505048,REFERRAL5,189.09
900311,510330,REFERRAL5,48.24
900985,513616,BUNDLE20,102.4
900242,520588,VIP30,28.43
900952,501864,VIP30,173.89
900508,510037,LOYALTY10,64.35
901087,527337,FLASH25,58.48
900899,526698,WELCOME15,76.75
901875,529612,FLASH25,169.08
900745,507260,LOYALTY10,69.9
901180,517177,SPRING10,60.35
902675,525283,LOYALTY10,72.16
900765,503456,VIP30,67.23
901516,503215,FLASH25,132.6
900274,511379,REFERRAL5,87.94
900307,504735,BUNDLE20,66.22
902111,513226,LOYALTY10,21.57
900261,524119,BUNDLE20,116.05
901752,511902,LOYALTY10,14.55
902357,529467,VIP30,33.05
900503,526284,WELCOME15,96.93
901652,514112,REFERRAL5,52.71
902048,503801,SPRING10,37.33
901136,520307,VIP30,66.68
902104,516241,REFERRAL5,46.14
900253,514917,WELCOME15,86.55
900215,512101,REFERRAL5,99.01
900876,507207,REFERRAL5,74.11
902537,507925,FLASH25,120.21
902479,501948,REFERRAL5,147.17
901222,511468,FLASH25,53.33
902589,526886,BUNDLE20,132.31
902117,504443,SPRING10,107.62
901672,526964,FLASH25,109.22
900896,526503,LOYALTY10,91.31
902529,530006,LOYALTY10,35.69
901919,512143,FLASH25,36.55
901954,521933,FLASH25,132.0
901946,504861,WELCOME15,13.25
901212,522249,WELCOME15,135.87
902043,518278,FLASH25,59.26
902362,510289,REFERRAL5,106.92
902113,500807,LOYALTY10,64.47
900855,525162,SPRING10,59.74
901140,521534,BUNDLE20,189.6
902702,514644,SPRING10,66.86
901338,527530,WELCOME15,146.87
900129,515486,SPRING10,46.86
900761,515464,LOYALTY10,138.58
902746,503335,BUNDLE20,26.69
901044,513588,REFERRAL5,37.95
901249,511335,SPRING10,57.37
902611,517645,LOYALTY10,133.95
902291,521303,VIP30,97.74
901100,501515,FLASH25,36.15
900830,525943,SPRING10,48.05
902533,515943,REFERRAL5,27.13
902681,518503,BUNDLE20,59.45
900360,506321,BUNDLE20,151.77
901856,523744,SPRING10,162.73
901248,509419,REFERRAL5,184.31
900269,526402,LOYALTY10,109.26
902713,524439,FLASH25,23.77
901541,522488,LOYALTY10,134.25
900795,529116,VIP30,102.59
901665,503660,SPRING10,157.56
901985,512555,LOYALTY10,43.68
901552,520502,SPRING10,65.64
902466,527625,SPRING10,70.93
900537,512327,LOYALTY10,161.43
902557,502914,FLASH25,36.25
902541,501635,BUNDLE20,35.96
900319,517978,LOYALTY10,179.15
901928,513430,LOYALTY10,117.17
902105,512434,SPRING10,123.34
901408,505822,BUNDLE20,80.96
901899,504154,REFERRAL5,47.73
900511,526826,WELCOME15,102.89
901571,511220,WELCOME15,131.99
902424,513901,LOYALTY10,43.45
902583,502936,FLASH25,114.92
901250,501201,REFERRAL5,29.08
901211,501004,WELCOME15,92.93
902059,514056,BUNDLE20,13.2
901711,507992,FLASH25,69.04
902231,512285,LOYALTY10,97.09
900628,517856,REFERRAL5,37.08
901141,514667,FLASH25,199.22
900947,519174,VIP30,18.28
902186,526209,LOYALTY10,118.12
901594,510865,FLASH25,195.42
900866,501602,VIP30,21.63
901794,517931,REFERRAL5,76.63
902065,507035,VIP30,19.31
900701,522722,BUNDLE20,144.96
900718,507804,REFERRAL5,189.96
901873,511096,SPRING10,93.56
902740,514139,REFERRAL5,66.03
900126,519419,SPRING10,152.49
900257,507818,REFERRAL5,129.24
901854,522740,LOYALTY10,51.45
902664,511068,WELCOME15,116.79
901578,527543,VIP30,183.17
900583,525744,REFERRAL5,135.49
900092,503885,VIP30,152.45
902558,502914,SPRING10,130.55
901808,518837,REFERRAL5,39.83
900017,506670,REFERRAL5,66.33
902699,525825,FLASH25,36.79
902206,501011,VIP30,14.44
901375,524437,LOYALTY10,95.46
901314,507956,LOYALTY10,70.31
901771,508840,WELCOME15,66.71
901566,514170,WELCOME15,60.45
900991,517890,REFERRAL5,75.99
900972,504434,BUNDLE20,11.55
900659,520514,SPRING10,137.14
900383,511584,SPRING10,165.02
901243,517059,VIP30,117.3
902657,510721,SPRING10,90.68
901732,514472,VIP30,133.3
902139,515404,SPRING10,88.04
900103,504658,WELCOME15,120.96
902551,510290,LOYALTY10,96.72
900615,528993,BUNDLE20,147.59
901553,500098,SPRING10,75.23
900914,521652,WELCOME15,61.01
901152,501965,LOYALTY10,73.9
902092,521015,SPRING10,40.41
900423,520554,BUNDLE20,17.13
900594,519297,LOYALTY10,24.01
902426,512523,FLASH25,60.14
902087,518339,BUNDLE20,38.11
901137,528390,BUNDLE20,107.65
902000,517873,VIP30,24.56
900589,500441,WELCOME15,29.14
900999,505723,LOYALTY10,28.3
900161,524219,LOYALTY10,85.51
901170,522942,BUNDLE20,74.51
900475,505115,WELCOME15,162.05
901735,521306,SPRING10,115.95
901282,505172,SPRING10,180.84
902145,506514,SPRING10,22.14
901210,516522,BUNDLE20,178.03
901340,523572,REFERRAL5,25.85
902445,527352,WELCOME15,148.74
901123,514046,LOYALTY10,153.77
902275,527001,FLASH25,19.23
900382,527275,SPRING10,97.96
900762,519780,FLASH25,184.86
901302,522873,REFERRAL5,57.56
901786,518022,SPRING10,10.93
902370,513249,SPRING10,147.76
901528,509056,FLASH25,45.07
902030,529581,VIP30,153.72
900751,517742,WELCOME15,193.51
902510,501032,LOYALTY10,26.17
901601,508655,VIP30,48.34
901011,513619,REFERRAL5,129.5
901698,511161,VIP30,180.05
901870,512704,VIP30,146.94
901990,522549,FLASH25,114.19
900714,528337,FLASH25,126.19
902420,505224,REFERRAL5,97.11
900398,528478,FLASH25,159.73
900390,517526,REFERRAL5,116.57
900189,529541,REFERRAL5,103.44
900922,513791,VIP30,89.7
900321,524961,VIP30,81.07
901200,524052,FLASH25,134.73
900123,504376,REFERRAL5,13.63
902058,523376,WELCOME15,28.52
900068,528757,VIP30,49.21
902213,515142,BUNDLE20,35.47
900805,511277,REFERRAL5,15.85
901811,515605,WELCOME15,164.09
901974,511848,BUNDLE20,26.22
902280,514067,SPRING10,101.79
901376,510560,REFERRAL5,193.08
900374,504334,VIP30,172.54
900572,510352,FLASH25,93.55
902655,520340,FLASH25,42.73
900727,515601,LOYALTY10,148.67
900272,505592,BUNDLE20,90.18
901646,504394,REFERRAL5,79.34
902569,525835,SPRING10,79.68
901670,507867,VIP30,195.84
900240,518809,BUNDLE20,75.17
902125,512514,FLASH25,127.89
902272,510942,VIP30,89.23
901918,503781,WELCOME15,191.43
901855,508433,WELCOME15,87.52
901595,513131,REFERRAL5,149.32
901967,510139,VIP30,34.01
900982,521151,VIP30,63.32
902523,527051,FLASH25,11.33
900461,515500,FLASH25,99.23
902360,502955,REFERRAL5,115.13
902462,509433,SPRING10,87.7
902329,502751,FLASH25,61.81
900500,517436,WELCOME15,134.15
902377,504333,REFERRAL5,127.28
902049,522622,WELCOME15,23.2
900573,508179,REFERRAL5,66.26
901901,502634,SPRING10,27.38
901780,506509,REFERRAL5,98.51
900610,514087,BUNDLE20,168.42
900742,508225,SPRING10,125.8
901186,518791,VIP30,29.74
901931,518466,FLASH25,179.48
902388,517686,VIP30,10.09
901207,527155,REFERRAL5,188.33
902253,509063,SPRING10,84.54
901121,510277,FLASH25,117.44
902046,518238,VIP30,194.49
901691,500698,SPRING10,153.82
900928,513956,WELCOME15,46.18
900056,503754,FLASH25,17.31
902399,501450,BUNDLE20,112.6
902587,513514,SPRING10,93.73
900941,525790,BUNDLE20,50.2
900772,506902,VIP30,50.33
902088,518339,LOYALTY10,67.05
900523,503962,SPRING10,168.31
900492,522543,SPRING10,77.37
902353,506440,LOYALTY10,40.74
900216,511184,LOYALTY10,66.65
901850,502995,SPRING10,36.46
901323,513250,SPRING10,79.23
900539,515032,VIP30,118.38
902619,530047,REFERRAL5,133.2
901262,505579,WELCOME15,87.78
901113,517306,FLASH25,107.83
901554,500498,WELCOME15,27.64
900006,526714,FLASH25,141.01
902667,528733,FLASH25,88.42
902317,521702,SPRING10,149.07
900153,501382,REFERRAL5,19.73
902128,508620,BUNDLE20,94.54
901454,510413,SPRING10,150.1
900845,505752,REFERRAL5,176.85
902438,503389,FLASH25,29.91
902394,519282,REFERRAL5,129.87
901917,517465,SPRING10,109.48
900175,502254,WELCOME15,21.1
900277,523454,FLASH25,55.59
902608,501333,BUNDLE20,131.45
902073,521828,LOYALTY10,28.83
902210,523727,BUNDLE20,131.58
900606,501347,LOYALTY10,158.62
900695,510361,VIP30,172.32
902168,504202,FLASH25,135.24
902311,518197,LOYALTY10,93.3
901803,505802,VIP30,113.87
902130,517125,SPRING10,75.05
902563,505670,WELCOME15,14.61
901801,521114,REFERRAL5,17.63
900739,524117,WELCOME15,96.6
901871,524261,LOYALTY10,177.62
902163,516587,WELCOME15,74.57
902770,522132,LOYALTY10,86.89
902459,503894,VIP30,10.87
901809,530060,FLASH25,89.42
902162,520042,LOYALTY10,110.95
900726,514687,FLASH25,176.86
900436,521554,LOYALTY10,48.4
900084,513281,FLASH25,52.29
902141,500902,BUNDLE20,125.04
902350,521045,FLASH25,93.7
900020,514188,REFERRAL5,149.57
901583,515697,LOYALTY10,162.33
900186,527034,BUNDLE20,167.28
902276,527001,SPRING10,147.91
901234,504855,SPRING10,55.1
900334,514314,FLASH25,154.89
901256,521155,SPRING10,73.49
900509,529229,FLASH25,78.31
902363,520943,FLASH25,80.01
901783,504169,WELCOME15,138.38
902047,503801,FLASH25,106.51
902123,500254,REFERRAL5,148.54
902389,504502,VIP30,38.27
900308,527256,WELCOME15,147.24
902625,508718,BUNDLE20,125.45
900923,510348,REFERRAL5,128.9
901548,511268,WELCOME15,87.28
901777,525868,WELCOME15,56.02
900018,507662,WELCOME15,37.81
901744,515174,LOYALTY10,174.5
902116,501118,WELCOME15,71.25
902629,524642,FLASH25,146.99
902604,504685,LOYALTY10,106.46
900722,529994,VIP30,22.25
902161,520042,SPRING10,41.19
901889,504811,WELCOME15,111.8
901861,519946,LOYALTY10,93.76
902690,526830,FLASH25,126.77
902565,502420,SPRING10,127.71
902758,505149,SPRING10,135.7
901127,516166,WELCOME15,61.65
900416,521157,WELCOME15,14.27
901591,509688,SPRING10,117.91
901498,509488,FLASH25,79.27
900264,515265,SPRING10,73.19
900394,505257,SPRING10,137.43
900847,514484,VIP30,71.08
900292,520746,LOYALTY10,164.84
901288,510257,REFERRAL5,22.63
902300,502322,REFERRAL5,37.37
901927,520962,WELCOME15,60.44
901026,519739,LOYALTY10,143.14
901400,520072,REFERRAL5,182.12
900381,525984,LOYALTY10,148.84
902241,501348,BUNDLE20,115.72
900968,515571,REFERRAL5,148.27
902416,521516,SPRING10,141.28
902451,511359,VIP30,30.48
902014,519408,WELCOME15,167.99
900567,514179,REFERRAL5,194.65
901027,523573,LOYALTY10,144.94
901120,524928,BUNDLE20,100.77
900900,516491,FLASH25,174.48
900536,505311,SPRING10,105.58
902545,501021,VIP30,80.56
900548,525887,SPRING10,161.85
900460,502508,WELCOME15,181.32
901309,516783,BUNDLE20,164.26
900212,504862,SPRING10,119.77
900938,507616,LOYALTY10,171.64
902222,522474,BUNDLE20,34.74
901312,506292,LOYALTY10,26.57
900193,508947,BUNDLE20,160.67
902191,520842,REFERRAL5,43.09
901929,503377,VIP30,139.94
901217,519063,REFERRAL5,170.96
901138,513760,WELCOME15,149.22
901426,519733,REFERRAL5,16.63
900230,513706,LOYALTY10,59.29
902618,526108,FLASH25,144.42
901242,518317,BUNDLE20,189.5
900598,517918,BUNDLE20,120.27
900155,522307,FLASH25,27.15
901455,505267,WELCOME15,77.27
900885,513661,REFERRAL5,44.19
901206,506677,SPRING10,119.43
901360,525853,REFERRAL5,184.39
902686,527318,WELCOME15,60.26
900075,504189,FLASH25,42.51
900809,525775,WELCOME15,156.34
900415,514300,FLASH25,197.51
901460,501446,SPRING10,49.15
901231,524718,REFERRAL5,34.57
900931,518684,LOYALTY10,90.66
901650,522903,VIP30,94.04
900234,510888,VIP30,117.89
902069,517096,REFERRAL5,55.23
902707,521432,FLASH25,95.33
902078,511122,REFERRAL5,75.91
900804,520179,REFERRAL5,108.67
900883,508265,WELCOME15,93.55
901634,529759,REFERRAL5,139.66
901055,528520,VIP30,131.54
900291,516024,SPRING10,173.75
900915,506368,WELCOME15,75.59
901957,504787,REFERRAL5,154.92
901094,510422,WELCOME15,20.35
901112,513034,REFERRAL5,85.15
901890,526617,WELCOME15,146.67
900115,511876,LOYALTY10,13.97
901573,506946,SPRING10,136.78
900466,520091,LOYALTY10,85.48
900168,504349,WELCOME15,172.35
902456,507873,FLASH25,78.19
902369,513249,BUNDLE20,77.35
902756,502696,BUNDLE20,33.13
900898,519705,LOYALTY10,57.7
901610,500298,VIP30,95.74
901102,506866,WELCOME15,36.2
900921,520965,REFERRAL5,27.92
902615,522289,WELCOME15,144.38
901556,511840,LOYALTY10,64.27
900599,522288,FLASH25,126.79
901944,519476,VIP30,138.17
900258,509746,SPRING10,151.53
900256,523594,SPRING10,195.59
900728,521624,LOYALTY10,154.23
902546,501021,LOYALTY10,122.01
902179,522299,FLASH25,51.92
900769,529670,BUNDLE20,123.89
902149,515989,BUNDLE20,122.91
902220,526180,VIP30,32.43
902540,513897,VIP30,18.64
901727,521153,LOYALTY10,157.63
902723,505167,WELCOME15,33.65
901478,505915,REFERRAL5,42.43
900111,515852,SPRING10,146.03
901680,507478,WELCOME15,182.12
901697,520024,LOYALTY10,93.33
901227,508257,WELCOME15,20.65
900713,505191,SPRING10,102.84
901480,524803,LOYALTY10,113.64
901020,511815,FLASH25,54.14
901161,507205,BUNDLE20,18.86
900961,521440,LOYALTY10,123.79
900271,525763,FLASH25,35.15
900064,521377,FLASH25,30.03
902442,515292,SPRING10,145.71
901095,512618,BUNDLE20,83.24
900893,510145,WELCOME15,30.03
901296,527144,VIP30,167.49
902592,512886,VIP30,117.57
900779,500312,SPRING10,91.23
902218,517152,VIP30,126.58
900037,518992,LOYALTY10,198.88
900244,519722,LOYALTY10,74.04
900083,511781,BUNDLE20,55.44
902711,528805,SPRING10,114.05
900861,503966,SPRING10,55.9
900373,501803,VIP30,154.64
902004,506791,FLASH25,160.25
901851,500886,FLASH25,154.49
901362,528421,FLASH25,187.47
900752,520923,VIP30,84.15
902556,511088,FLASH25,33.75
901038,522011,VIP30,107.92
901235,527860,WELCOME15,32.76
902633,504868,BUNDLE20,104.93
902560,517072,WELCOME15,137.3
902226,515544,LOYALTY10,51.97
902325,505310,REFERRAL5,79.53
900880,507927,REFERRAL5,119.1
902596,501349,BUNDLE20,34.22
901863,521393,BUNDLE20,130.24
900477,527096,VIP30,30.9
900226,500613,WELCOME15,79.41
900633,529650,BUNDLE20,79.69
900217,507519,WELCOME15,69.78
901054,506114,SPRING10,125.73
901884,503424,REFERRAL5,120.78
900181,519021,WELCOME15,174.04
902143,516235,WELCOME15,106.47
902726,501666,BUNDLE20,118.78
900639,528035,SPRING10,188.49
900045,512012,REFERRAL5,180.55
901499,520993,WELCOME15,113.89
900265,519367,VIP30,91.68
901089,520742,FLASH25,70.04
902759,520202,WELCOME15,72.37
901239,510737,BUNDLE20,55.14
902772,503463,REFERRAL5,112.0
900851,516361,FLASH25,175.14
900095,520619,SPRING10,146.55
902224,514195,LOYALTY10,94.91
902447,501434,VIP30,38.73
900333,514750,WELCOME15,74.5
902080,509706,BUNDLE20,52.41
900375,505509,REFERRAL5,92.27
901422,523041,SPRING10,49.61
900409,516602,SPRING10,147.46
900686,512823,REFERRAL5,153.68
900419,516393,VIP30,16.62
901414,520138,VIP30,117.86
900145,515195,FLASH25,79.66
901575,514700,FLASH25,47.04
902314,524886,SPRING10,88.65
900987,510157,FLASH25,27.47
900015,518711,BUNDLE20,86.92
900529,524933,SPRING10,68.69
900392,526667,FLASH25,147.06
900854,505361,SPRING10,37.21
900802,521854,BUNDLE20,43.21
901948,511760,SPRING10,95.12
902127,508620,WELCOME15,68.28
902652,500555,REFERRAL5,144.08
900388,507186,VIP30,148.46
902232,512285,SPRING10,107.41
900836,528875,LOYALTY10,123.22
900191,508708,FLASH25,186.36
901695,508204,VIP30,47.48
900365,509346,LOYALTY10,136.33
901160,516918,WELCOME15,161.33
900246,517512,LOYALTY10,74.23
900882,502330,REFERRAL5,102.28
900275,524401,LOYALTY10,183.34
900148,517419,LOYALTY10,146.87
901130,508514,SPRING10,138.34
900295,501248,SPRING10,172.3
900325,528094,WELCOME15,167.1
900771,529423,VIP30,85.49
902588,513514,VIP30,37.29
901716,517495,LOYALTY10,81.17
902725,501666,WELCOME15,56.5
900901,521219,FLASH25,166.32
902001,525816,LOYALTY10,64.55
902054,524056,SPRING10,32.03
900975,529345,FLASH25,94.43
900104,501879,SPRING10,45.8
902259,507164,LOYALTY10,82.73
901922,513924,REFERRAL5,46.55
901471,515459,FLASH25,78.58
900042,506643,BUNDLE20,144.12
901387,528371,FLASH25,190.39
900378,509402,VIP30,137.45
901279,504135,SPRING10,57.34
902195,517483,WELCOME15,40.16
902005,516344,LOYALTY10,130.02
900206,524151,LOYALTY10,105.92
901069,504489,FLASH25,164.79
902076,520175,FLASH25,131.02
901462,516551,LOYALTY10,138.94
900205,526447,WELCOME15,112.3
902719,514897,WELCOME15,30.15
902673,515147,VIP30,61.33
902460,503894,BUNDLE20,124.76
901983,520566,SPRING10,58.02
900741,504485,FLASH25,127.02
901033,512403,WELCOME15,109.9
902122,512334,VIP30,87.2
901425,510893,VIP30,58.36
901726,511223,LOYALTY10,50.51
902255,524208,VIP30,138.29
